Ag3 Se4,0
Al2 Ag1 Se4,0
Ag1 As2 Se4,0
Ag1 Au2 Se4,0
Ag1 B2 Se4,0
Ag1 Bi2 Se4,0
Ce2 Ag1 Se4,0
Co2 Ag1 Se4,0
Cr2 Ag1 Se4,0
Cu2 Ag1 Se4,0
Dy2 Ag1 Se4,0
Er2 Ag1 Se4,0
Eu2 Ag1 Se4,0
Fe2 Ag1 Se4,0
Ga2 Ag1 Se4,0
Gd2 Ag1 Se4,0
Ag1 Ge2 Se4,0
Hf2 Ag1 Se4,0
Ho2 Ag1 Se4,0
In2 Ag1 Se4,0
Ag1 Ir2 Se4,0
La2 Ag1 Se4,0
Lu2 Ag1 Se4,0
Mn2 Ag1 Se4,0
Ag1 Mo2 Se4,0
Nb2 Ag1 Se4,0
Nd2 Ag1 Se4,0
Ni2 Ag1 Se4,0
Ag1 Os2 Se4,0
Ag1 P2 Se4,0
Ag1 Pb2 Se4,0
Ag1 Pd2 Se4,0
Pr2 Ag1 Se4,0
Ag1 Pt2 Se4,0
Re2 Ag1 Se4,0
Ag1 Rh2 Se4,0
Ag1 Ru2 Se4,0
Ag1 Sb2 Se4,0
Sc2 Ag1 Se4,0
Si2 Ag1 Se4,0
Sm2 Ag1 Se4,0
Ag1 Sn2 Se4,0
Sr2 Ag1 Se4,0
Ta2 Ag1 Se4,0
Tb2 Ag1 Se4,0
Tc2 Ag1 Se4,0
Ag1 Te2 Se4,0
Ti2 Ag1 Se4,0
Tl2 Ag1 Se4,0
Tm2 Ag1 Se4,0
V2 Ag1 Se4,0
Ag1 W2 Se4,0
Y2 Ag1 Se4,0
Yb2 Ag1 Se4,0
Zn2 Ag1 Se4,0
Zr2 Ag1 Se4,0
Al1 Ag2 Se4,0
Al1 As2 Se4,0
Al1 Au2 Se4,0
Al1 B2 Se4,0
Al1 Bi2 Se4,0
Ce2 Al1 Se4,0
Al1 Co2 Se4,0
Al1 Cr2 Se4,0
Al1 Cu2 Se4,0
Dy2 Al1 Se4,0
Er2 Al1 Se4,0
Eu2 Al1 Se4,0
Al1 Fe2 Se4,0
Al1 Ga2 Se4,0
Gd2 Al1 Se4,0
Al1 Ge2 Se4,0
Hf2 Al1 Se4,0
Ho2 Al1 Se4,0
Al1 In2 Se4,0
Al1 Ir2 Se4,0
La2 Al1 Se4,0
Lu2 Al1 Se4,0
Mn2 Al1 Se4,0
Al1 Mo2 Se4,0
Nb2 Al1 Se4,0
Nd2 Al1 Se4,0
Al1 Ni2 Se4,0
Al1 Os2 Se4,0
Al1 P2 Se4,0
Al1 Pb2 Se4,0
Al1 Pd2 Se4,0
Pr2 Al1 Se4,0
Al1 Pt2 Se4,0
Al1 Re2 Se4,0
Al1 Rh2 Se4,0
Al1 Ru2 Se4,0
Al1 Sb2 Se4,0
Sc2 Al1 Se4,0
Al1 Si2 Se4,0
Sm2 Al1 Se4,0
Al1 Sn2 Se4,0
Ta2 Al1 Se4,0
Tb2 Al1 Se4,0
Al1 Tc2 Se4,0
Al1 Te2 Se4,0
Ti2 Al1 Se4,0
Al1 Tl2 Se4,0
Tm2 Al1 Se4,0
Al1 V2 Se4,0
Al1 W2 Se4,0
Y2 Al1 Se4,0
Yb2 Al1 Se4,0
Al1 Zn2 Se4,0
Zr2 Al1 Se4,0
Ag2 As1 Se4,0
Al2 As1 Se4,0
As3 Se4,0
As1 Au2 Se4,0
B2 As1 Se4,0
Ba2 As1 Se4,0
Be2 As1 Se4,0
Bi2 As1 Se4,0
Ca2 As1 Se4,0
Cd2 As1 Se4,0
Ce2 As1 Se4,0
Co2 As1 Se4,0
Cr2 As1 Se4,0
Cu2 As1 Se4,0
Dy2 As1 Se4,0
Er2 As1 Se4,0
Eu2 As1 Se4,0
Fe2 As1 Se4,0
Ga2 As1 Se4,0
Gd2 As1 Se4,0
Ge2 As1 Se4,0
Hf2 As1 Se4,0
Hg2 As1 Se4,0
Ho2 As1 Se4,0
In2 As1 Se4,0
As1 Ir2 Se4,0
La2 As1 Se4,0
Lu2 As1 Se4,0
Mg2 As1 Se4,0
Mn2 As1 Se4,0
Mo2 As1 Se4,0
Nb2 As1 Se4,0
Nd2 As1 Se4,0
Ni2 As1 Se4,0
As1 Os2 Se4,0
As1 P2 Se4,0
As1 Pb2 Se4,0
As1 Pd2 Se4,0
Pr2 As1 Se4,0
As1 Pt2 Se4,0
Re2 As1 Se4,0
As1 Rh2 Se4,0
As1 Ru2 Se4,0
Sb2 As1 Se4,0
Sc2 As1 Se4,0
Si2 As1 Se4,0
Sm2 As1 Se4,0
Sn2 As1 Se4,0
Sr2 As1 Se4,0
Ta2 As1 Se4,0
Tb2 As1 Se4,0
Tc2 As1 Se4,0
Te2 As1 Se4,0
Ti2 As1 Se4,0
Tl2 As1 Se4,0
Tm2 As1 Se4,0
V2 As1 Se4,0
As1 W2 Se4,0
Y2 As1 Se4,0
Yb2 As1 Se4,0
Zn2 As1 Se4,0
Zr2 As1 Se4,0
Ag2 Au1 Se4,0
Al2 Au1 Se4,0
As2 Au1 Se4,0
Au3 Se4,0
B2 Au1 Se4,0
Bi2 Au1 Se4,0
Ca2 Au1 Se4,0
Cd2 Au1 Se4,0
Ce2 Au1 Se4,0
Co2 Au1 Se4,0
Cr2 Au1 Se4,0
Cu2 Au1 Se4,0
Dy2 Au1 Se4,0
Er2 Au1 Se4,0
Eu2 Au1 Se4,0
Fe2 Au1 Se4,0
Ga2 Au1 Se4,0
Gd2 Au1 Se4,0
Ge2 Au1 Se4,0
Hf2 Au1 Se4,0
Hg2 Au1 Se4,0
Ho2 Au1 Se4,0
In2 Au1 Se4,0
Ir2 Au1 Se4,0
La2 Au1 Se4,0
Lu2 Au1 Se4,0
Mn2 Au1 Se4,0
Mo2 Au1 Se4,0
Nb2 Au1 Se4,0
Nd2 Au1 Se4,0
Ni2 Au1 Se4,0
Os2 Au1 Se4,0
P2 Au1 Se4,0
Pb2 Au1 Se4,0
Pd2 Au1 Se4,0
Pr2 Au1 Se4,0
Pt2 Au1 Se4,0
Re2 Au1 Se4,0
Rh2 Au1 Se4,0
Ru2 Au1 Se4,0
Sb2 Au1 Se4,0
Sc2 Au1 Se4,0
Si2 Au1 Se4,0
Sm2 Au1 Se4,0
Sn2 Au1 Se4,0
Sr2 Au1 Se4,0
Ta2 Au1 Se4,0
Tb2 Au1 Se4,0
Tc2 Au1 Se4,0
Te2 Au1 Se4,0
Ti2 Au1 Se4,0
Tl2 Au1 Se4,0
Tm2 Au1 Se4,0
V2 Au1 Se4,0
W2 Au1 Se4,0
Y2 Au1 Se4,0
Yb2 Au1 Se4,0
Zn2 Au1 Se4,0
Zr2 Au1 Se4,0
Ag2 B1 Se4,0
Al2 B1 Se4,0
B1 As2 Se4,0
B1 Au2 Se4,0
B3 Se4,0
Bi2 B1 Se4,0
Ce2 B1 Se4,0
Co2 B1 Se4,0
Cr2 B1 Se4,0
Cu2 B1 Se4,0
Dy2 B1 Se4,0
Er2 B1 Se4,0
Eu2 B1 Se4,0
Fe2 B1 Se4,0
Ga2 B1 Se4,0
Gd2 B1 Se4,0
Ge2 B1 Se4,0
Hf2 B1 Se4,0
Ho2 B1 Se4,0
In2 B1 Se4,0
B1 Ir2 Se4,0
La2 B1 Se4,0
Lu2 B1 Se4,0
Mn2 B1 Se4,0
B1 Mo2 Se4,0
Nb2 B1 Se4,0
Nd2 B1 Se4,0
Ni2 B1 Se4,0
B1 Os2 Se4,0
B1 P2 Se4,0
B1 Pb2 Se4,0
B1 Pd2 Se4,0
Pr2 B1 Se4,0
B1 Pt2 Se4,0
Re2 B1 Se4,0
B1 Rh2 Se4,0
B1 Ru2 Se4,0
B1 Sb2 Se4,0
Sc2 B1 Se4,0
Si2 B1 Se4,0
Sm2 B1 Se4,0
Sn2 B1 Se4,0
Sr2 B1 Se4,0
Ta2 B1 Se4,0
Tb2 B1 Se4,0
Tc2 B1 Se4,0
B1 Te2 Se4,0
Ti2 B1 Se4,0
Tl2 B1 Se4,0
Tm2 B1 Se4,0
V2 B1 Se4,0
B1 W2 Se4,0
Y2 B1 Se4,0
Yb2 B1 Se4,0
Zn2 B1 Se4,0
Zr2 B1 Se4,0
Ba1 Ag2 Se4,0
Ba1 Al2 Se4,0
Ba1 As2 Se4,0
Ba1 Au2 Se4,0
Ba1 B2 Se4,0
Ba1 Bi2 Se4,0
Ba1 Ce2 Se4,0
Ba1 Co2 Se4,0
Ba1 Cr2 Se4,0
Ba1 Cu2 Se4,0
Ba1 Dy2 Se4,0
Ba1 Er2 Se4,0
Ba1 Eu2 Se4,0
Ba1 Fe2 Se4,0
Ba1 Ga2 Se4,0
Ba1 Gd2 Se4,0
Ba1 Ge2 Se4,0
Ba1 Hf2 Se4,0
Ba1 Ho2 Se4,0
Ba1 In2 Se4,0
Ba1 Ir2 Se4,0
Ba1 La2 Se4,0
Ba1 Lu2 Se4,0
Ba1 Mn2 Se4,0
Ba1 Mo2 Se4,0
Ba1 Nb2 Se4,0
Ba1 Nd2 Se4,0
Ba1 Ni2 Se4,0
Ba1 Os2 Se4,0
Ba1 P2 Se4,0
Ba1 Pb2 Se4,0
Ba1 Pd2 Se4,0
Ba1 Pr2 Se4,0
Ba1 Pt2 Se4,0
Ba1 Re2 Se4,0
Ba1 Rh2 Se4,0
Ba1 Ru2 Se4,0
Ba1 Sb2 Se4,0
Ba1 Sc2 Se4,0
Ba1 Si2 Se4,0
Ba1 Sm2 Se4,0
Ba1 Sn2 Se4,0
Ba1 Sr2 Se4,0
Ba1 Ta2 Se4,0
Ba1 Tb2 Se4,0
Ba1 Tc2 Se4,0
Ba1 Te2 Se4,0
Ba1 Ti2 Se4,0
Ba1 Tl2 Se4,0
Ba1 Tm2 Se4,0
Ba1 V2 Se4,0
Ba1 W2 Se4,0
Ba1 Y2 Se4,0
Ba1 Yb2 Se4,0
Ba1 Zn2 Se4,0
Ba1 Zr2 Se4,0
Be1 Ag2 Se4,0
Be1 Al2 Se4,0
Be1 As2 Se4,0
Be1 Au2 Se4,0
Be1 B2 Se4,0
Be1 Bi2 Se4,0
Ce2 Be1 Se4,0
Be1 Co2 Se4,0
Be1 Cr2 Se4,0
Be1 Cu2 Se4,0
Dy2 Be1 Se4,0
Er2 Be1 Se4,0
Eu2 Be1 Se4,0
Be1 Fe2 Se4,0
Be1 Ga2 Se4,0
Gd2 Be1 Se4,0
Be1 Ge2 Se4,0
Hf2 Be1 Se4,0
Ho2 Be1 Se4,0
Be1 In2 Se4,0
Be1 Ir2 Se4,0
La2 Be1 Se4,0
Lu2 Be1 Se4,0
Mn2 Be1 Se4,0
Be1 Mo2 Se4,0
Be1 Nb2 Se4,0
Nd2 Be1 Se4,0
Be1 Ni2 Se4,0
Be1 Os2 Se4,0
Be1 P2 Se4,0
Be1 Pb2 Se4,0
Be1 Pd2 Se4,0
Pr2 Be1 Se4,0
Be1 Pt2 Se4,0
Be1 Re2 Se4,0
Be1 Rh2 Se4,0
Be1 Ru2 Se4,0
Be1 Sb2 Se4,0
Sc2 Be1 Se4,0
Be1 Si2 Se4,0
Sm2 Be1 Se4,0
Be1 Sn2 Se4,0
Sr2 Be1 Se4,0
Ta2 Be1 Se4,0
Tb2 Be1 Se4,0
Be1 Tc2 Se4,0
Be1 Te2 Se4,0
Ti2 Be1 Se4,0
Be1 Tl2 Se4,0
Tm2 Be1 Se4,0
Be1 V2 Se4,0
Be1 W2 Se4,0
Y2 Be1 Se4,0
Yb2 Be1 Se4,0
Be1 Zn2 Se4,0
Zr2 Be1 Se4,0
Ag2 Bi1 Se4,0
Al2 Bi1 Se4,0
Bi1 As2 Se4,0
Bi1 Au2 Se4,0
Bi1 B2 Se4,0
Ba2 Bi1 Se4,0
Be2 Bi1 Se4,0
Bi3 Se4,0
Ca2 Bi1 Se4,0
Cd2 Bi1 Se4,0
Ce2 Bi1 Se4,0
Co2 Bi1 Se4,0
Cr2 Bi1 Se4,0
Cu2 Bi1 Se4,0
Dy2 Bi1 Se4,0
Er2 Bi1 Se4,0
Eu2 Bi1 Se4,0
Fe2 Bi1 Se4,0
Ga2 Bi1 Se4,0
Gd2 Bi1 Se4,0
Ge2 Bi1 Se4,0
Hf2 Bi1 Se4,0
Hg2 Bi1 Se4,0
Ho2 Bi1 Se4,0
In2 Bi1 Se4,0
Bi1 Ir2 Se4,0
La2 Bi1 Se4,0
Lu2 Bi1 Se4,0
Mg2 Bi1 Se4,0
Mn2 Bi1 Se4,0
Bi1 Mo2 Se4,0
Nb2 Bi1 Se4,0
Nd2 Bi1 Se4,0
Ni2 Bi1 Se4,0
Bi1 Os2 Se4,0
Bi1 P2 Se4,0
Bi1 Pb2 Se4,0
Bi1 Pd2 Se4,0
Pr2 Bi1 Se4,0
Bi1 Pt2 Se4,0
Re2 Bi1 Se4,0
Bi1 Rh2 Se4,0
Bi1 Ru2 Se4,0
Bi1 Sb2 Se4,0
Sc2 Bi1 Se4,0
Si2 Bi1 Se4,0
Sm2 Bi1 Se4,0
Sn2 Bi1 Se4,0
Sr2 Bi1 Se4,0
Ta2 Bi1 Se4,0
Tb2 Bi1 Se4,0
Tc2 Bi1 Se4,0
Bi1 Te2 Se4,0
Ti2 Bi1 Se4,0
Tl2 Bi1 Se4,0
Tm2 Bi1 Se4,0
V2 Bi1 Se4,0
Bi1 W2 Se4,0
Y2 Bi1 Se4,0
Yb2 Bi1 Se4,0
Zn2 Bi1 Se4,0
Zr2 Bi1 Se4,0
Ca1 Ag2 Se4,0
Ca1 Al2 Se4,0
Ca1 As2 Se4,0
Ca1 Au2 Se4,0
Ca1 B2 Se4,0
Ca1 Bi2 Se4,0
Ca1 Ce2 Se4,0
Ca1 Co2 Se4,0
Ca1 Cr2 Se4,0
Ca1 Cu2 Se4,0
Ca1 Dy2 Se4,0
Ca1 Er2 Se4,0
Ca1 Eu2 Se4,0
Ca1 Fe2 Se4,0
Ca1 Ga2 Se4,0
Ca1 Gd2 Se4,0
Ca1 Ge2 Se4,0
Ca1 Hf2 Se4,0
Ca1 Ho2 Se4,0
Ca1 In2 Se4,0
Ca1 Ir2 Se4,0
Ca1 La2 Se4,0
Ca1 Lu2 Se4,0
Ca1 Mn2 Se4,0
Ca1 Mo2 Se4,0
Ca1 Nb2 Se4,0
Ca1 Nd2 Se4,0
Ca1 Ni2 Se4,0
Ca1 Os2 Se4,0
Ca1 P2 Se4,0
Ca1 Pb2 Se4,0
Ca1 Pd2 Se4,0
Ca1 Pr2 Se4,0
Ca1 Pt2 Se4,0
Ca1 Re2 Se4,0
Ca1 Rh2 Se4,0
Ca1 Ru2 Se4,0
Ca1 Sb2 Se4,0
Ca1 Sc2 Se4,0
Ca1 Si2 Se4,0
Ca1 Sm2 Se4,0
Ca1 Sn2 Se4,0
Sr2 Ca1 Se4,0
Ca1 Ta2 Se4,0
Ca1 Tb2 Se4,0
Ca1 Tc2 Se4,0
Ca1 Te2 Se4,0
Ca1 Ti2 Se4,0
Ca1 Tl2 Se4,0
Ca1 Tm2 Se4,0
Ca1 V2 Se4,0
Ca1 W2 Se4,0
Ca1 Y2 Se4,0
Ca1 Yb2 Se4,0
Ca1 Zn2 Se4,0
Ca1 Zr2 Se4,0
Cd1 Ag2 Se4,0
Al2 Cd1 Se4,0
Cd1 As2 Se4,0
Cd1 Au2 Se4,0
Cd1 B2 Se4,0
Cd1 Bi2 Se4,0
Ce2 Cd1 Se4,0
Cd1 Co2 Se4,0
Cr2 Cd1 Se4,0
Cd1 Cu2 Se4,0
Dy2 Cd1 Se4,0
Er2 Cd1 Se4,0
Eu2 Cd1 Se4,0
Cd1 Fe2 Se4,0
Cd1 Ga2 Se4,0
Gd2 Cd1 Se4,0
Cd1 Ge2 Se4,0
Hf2 Cd1 Se4,0
Ho2 Cd1 Se4,0
Cd1 In2 Se4,0
Cd1 Ir2 Se4,0
La2 Cd1 Se4,0
Lu2 Cd1 Se4,0
Mn2 Cd1 Se4,0
Cd1 Mo2 Se4,0
Nb2 Cd1 Se4,0
Nd2 Cd1 Se4,0
Cd1 Ni2 Se4,0
Cd1 Os2 Se4,0
Cd1 P2 Se4,0
Cd1 Pb2 Se4,0
Cd1 Pd2 Se4,0
Pr2 Cd1 Se4,0
Cd1 Pt2 Se4,0
Cd1 Re2 Se4,0
Cd1 Rh2 Se4,0
Cd1 Ru2 Se4,0
Cd1 Sb2 Se4,0
Sc2 Cd1 Se4,0
Cd1 Si2 Se4,0
Sm2 Cd1 Se4,0
Cd1 Sn2 Se4,0
Sr2 Cd1 Se4,0
Ta2 Cd1 Se4,0
Tb2 Cd1 Se4,0
Cd1 Tc2 Se4,0
Cd1 Te2 Se4,0
Ti2 Cd1 Se4,0
Tl2 Cd1 Se4,0
Tm2 Cd1 Se4,0
V2 Cd1 Se4,0
Cd1 W2 Se4,0
Y2 Cd1 Se4,0
Yb2 Cd1 Se4,0
Zn2 Cd1 Se4,0
Zr2 Cd1 Se4,0
Ce1 Ag2 Se4,0
Ce1 Al2 Se4,0
Ce1 As2 Se4,0
Ce1 Au2 Se4,0
Ce1 B2 Se4,0
Ba2 Ce1 Se4,0
Ce1 Be2 Se4,0
Ce1 Bi2 Se4,0
Ca2 Ce1 Se4,0
Ce1 Cd2 Se4,0
Ce3 Se4,0
Ce1 Co2 Se4,0
Ce1 Cr2 Se4,0
Ce1 Cu2 Se4,0
Ce1 Dy2 Se4,0
Ce1 Er2 Se4,0
Ce1 Eu2 Se4,0
Ce1 Fe2 Se4,0
Ce1 Ga2 Se4,0
Ce1 Gd2 Se4,0
Ce1 Ge2 Se4,0
Ce1 Hf2 Se4,0
Ce1 Hg2 Se4,0
Ce1 Ho2 Se4,0
Ce1 In2 Se4,0
Ce1 Ir2 Se4,0
La2 Ce1 Se4,0
Ce1 Lu2 Se4,0
Ce1 Mg2 Se4,0
Ce1 Mn2 Se4,0
Ce1 Mo2 Se4,0
Ce1 Nb2 Se4,0
Ce1 Nd2 Se4,0
Ce1 Ni2 Se4,0
Ce1 Os2 Se4,0
Ce1 P2 Se4,0
Ce1 Pb2 Se4,0
Ce1 Pd2 Se4,0
Ce1 Pr2 Se4,0
Ce1 Pt2 Se4,0
Ce1 Re2 Se4,0
Ce1 Rh2 Se4,0
Ce1 Ru2 Se4,0
Ce1 Sb2 Se4,0
Ce1 Sc2 Se4,0
Ce1 Si2 Se4,0
Ce1 Sm2 Se4,0
Ce1 Sn2 Se4,0
Sr2 Ce1 Se4,0
Ce1 Ta2 Se4,0
Tb2 Ce1 Se4,0
Ce1 Tc2 Se4,0
Ce1 Te2 Se4,0
Ce1 Ti2 Se4,0
Ce1 Tl2 Se4,0
Ce1 Tm2 Se4,0
Ce1 V2 Se4,0
Ce1 W2 Se4,0
Ce1 Y2 Se4,0
Yb2 Ce1 Se4,0
Ce1 Zn2 Se4,0
Ce1 Zr2 Se4,0
Co1 Ag2 Se4,0
Al2 Co1 Se4,0
Co1 As2 Se4,0
Co1 Au2 Se4,0
Co1 B2 Se4,0
Ba2 Co1 Se4,0
Be2 Co1 Se4,0
Co1 Bi2 Se4,0
Ca2 Co1 Se4,0
Cd2 Co1 Se4,0
Ce2 Co1 Se4,0
Co3 Se4,0
Cr2 Co1 Se4,0
Co1 Cu2 Se4,0
Dy2 Co1 Se4,0
Er2 Co1 Se4,0
Eu2 Co1 Se4,0
Fe2 Co1 Se4,0
Ga2 Co1 Se4,0
Gd2 Co1 Se4,0
Co1 Ge2 Se4,0
Hf2 Co1 Se4,0
Co1 Hg2 Se4,0
Ho2 Co1 Se4,0
In2 Co1 Se4,0
Co1 Ir2 Se4,0
La2 Co1 Se4,0
Lu2 Co1 Se4,0
Mg2 Co1 Se4,0
Mn2 Co1 Se4,0
Co1 Mo2 Se4,0
Nb2 Co1 Se4,0
Nd2 Co1 Se4,0
Co1 Ni2 Se4,0
Co1 Os2 Se4,0
Co1 P2 Se4,0
Co1 Pb2 Se4,0
Co1 Pd2 Se4,0
Pr2 Co1 Se4,0
Co1 Pt2 Se4,0
Co1 Re2 Se4,0
Co1 Rh2 Se4,0
Co1 Ru2 Se4,0
Co1 Sb2 Se4,0
Sc2 Co1 Se4,0
Co1 Si2 Se4,0
Sm2 Co1 Se4,0
Co1 Sn2 Se4,0
Sr2 Co1 Se4,0
Ta2 Co1 Se4,0
Tb2 Co1 Se4,0
Co1 Tc2 Se4,0
Co1 Te2 Se4,0
Ti2 Co1 Se4,0
Tl2 Co1 Se4,0
Tm2 Co1 Se4,0
V2 Co1 Se4,0
Co1 W2 Se4,0
Y2 Co1 Se4,0
Yb2 Co1 Se4,0
Zn2 Co1 Se4,0
Zr2 Co1 Se4,0
Cr1 Ag2 Se4,0
Al2 Cr1 Se4,0
Cr1 As2 Se4,0
Cr1 Au2 Se4,0
Cr1 B2 Se4,0
Ba2 Cr1 Se4,0
Be2 Cr1 Se4,0
Cr1 Bi2 Se4,0
Ca2 Cr1 Se4,0
Cr1 Cd2 Se4,0
Ce2 Cr1 Se4,0
Cr1 Co2 Se4,0
Cr3 Se4,0
Cs2 Cr1 Se4,0
Cr1 Cu2 Se4,0
Dy2 Cr1 Se4,0
Er2 Cr1 Se4,0
Eu2 Cr1 Se4,0
Cr1 Fe2 Se4,0
Cr1 Ga2 Se4,0
Gd2 Cr1 Se4,0
Cr1 Ge2 Se4,0
Cr1 H2 Se4,0
Hf2 Cr1 Se4,0
Cr1 Hg2 Se4,0
Ho2 Cr1 Se4,0
Cr1 In2 Se4,0
Cr1 Ir2 Se4,0
K2 Cr1 Se4,0
La2 Cr1 Se4,0
Li2 Cr1 Se4,0
Lu2 Cr1 Se4,0
Mg2 Cr1 Se4,0
Mn2 Cr1 Se4,0
Cr1 Mo2 Se4,0
Na2 Cr1 Se4,0
Nb2 Cr1 Se4,0
Nd2 Cr1 Se4,0
Cr1 Ni2 Se4,0
Cr1 Os2 Se4,0
Cr1 P2 Se4,0
Cr1 Pb2 Se4,0
Cr1 Pd2 Se4,0
Pr2 Cr1 Se4,0
Cr1 Pt2 Se4,0
Rb2 Cr1 Se4,0
Cr1 Re2 Se4,0
Cr1 Rh2 Se4,0
Cr1 Ru2 Se4,0
Cr1 Sb2 Se4,0
Sc2 Cr1 Se4,0
Cr1 Si2 Se4,0
Sm2 Cr1 Se4,0
Cr1 Sn2 Se4,0
Sr2 Cr1 Se4,0
Ta2 Cr1 Se4,0
Tb2 Cr1 Se4,0
Cr1 Tc2 Se4,0
Cr1 Te2 Se4,0
Ti2 Cr1 Se4,0
Tl2 Cr1 Se4,0
Tm2 Cr1 Se4,0
V2 Cr1 Se4,0
Cr1 W2 Se4,0
Y2 Cr1 Se4,0
Yb2 Cr1 Se4,0
Zn2 Cr1 Se4,0
Zr2 Cr1 Se4,0
Cs1 As2 Se4,0
Cs1 Au2 Se4,0
Cs1 Bi2 Se4,0
Cs1 Ce2 Se4,0
Cs1 Co2 Se4,0
Cs1 Cr2 Se4,0
Cs1 Cu2 Se4,0
Cs1 Dy2 Se4,0
Cs1 Er2 Se4,0
Cs1 Eu2 Se4,0
Cs1 Fe2 Se4,0
Cs1 Ga2 Se4,0
Cs1 Gd2 Se4,0
Cs1 Ge2 Se4,0
Cs1 Hf2 Se4,0
Cs1 Ir2 Se4,0
Cs1 La2 Se4,0
Cs1 Mn2 Se4,0
Cs1 Mo2 Se4,0
Cs1 Nb2 Se4,0
Cs1 Nd2 Se4,0
Cs1 Ni2 Se4,0
Cs1 Os2 Se4,0
Cs1 P2 Se4,0
Cs1 Pb2 Se4,0
Cs1 Pd2 Se4,0
Cs1 Pr2 Se4,0
Cs1 Pt2 Se4,0
Cs1 Re2 Se4,0
Cs1 Rh2 Se4,0
Cs1 Ru2 Se4,0
Cs1 Sb2 Se4,0
Cs1 Si2 Se4,0
Cs1 Sm2 Se4,0
Cs1 Sn2 Se4,0
Cs1 Ta2 Se4,0
Cs1 Tb2 Se4,0
Cs1 Tc2 Se4,0
Cs1 Te2 Se4,0
Cs1 Ti2 Se4,0
Cs1 V2 Se4,0
Cs1 W2 Se4,0
Cs1 Y2 Se4,0
Cs1 Yb2 Se4,0
Cs1 Zn2 Se4,0
Cs1 Zr2 Se4,0
Cu1 Ag2 Se4,0
Al2 Cu1 Se4,0
Cu1 As2 Se4,0
Cu1 Au2 Se4,0
Cu1 B2 Se4,0
Ba2 Cu1 Se4,0
Be2 Cu1 Se4,0
Cu1 Bi2 Se4,0
Ca2 Cu1 Se4,0
Cd2 Cu1 Se4,0
Ce2 Cu1 Se4,0
Co2 Cu1 Se4,0
Cr2 Cu1 Se4,0
Cu3 Se4,0
Dy2 Cu1 Se4,0
Er2 Cu1 Se4,0
Eu2 Cu1 Se4,0
Fe2 Cu1 Se4,0
Ga2 Cu1 Se4,0
Gd2 Cu1 Se4,0
Cu1 Ge2 Se4,0
Hf2 Cu1 Se4,0
Cu1 Hg2 Se4,0
Ho2 Cu1 Se4,0
In2 Cu1 Se4,0
Cu1 Ir2 Se4,0
La2 Cu1 Se4,0
Lu2 Cu1 Se4,0
Mg2 Cu1 Se4,0
Mn2 Cu1 Se4,0
Cu1 Mo2 Se4,0
Nb2 Cu1 Se4,0
Nd2 Cu1 Se4,0
Cu1 Ni2 Se4,0
Cu1 Os2 Se4,0
Cu1 P2 Se4,0
Cu1 Pb2 Se4,0
Cu1 Pd2 Se4,0
Pr2 Cu1 Se4,0
Cu1 Pt2 Se4,0
Cu1 Re2 Se4,0
Cu1 Rh2 Se4,0
Cu1 Ru2 Se4,0
Cu1 Sb2 Se4,0
Sc2 Cu1 Se4,0
Cu1 Si2 Se4,0
Sm2 Cu1 Se4,0
Cu1 Sn2 Se4,0
Sr2 Cu1 Se4,0
Ta2 Cu1 Se4,0
Tb2 Cu1 Se4,0
Cu1 Tc2 Se4,0
Cu1 Te2 Se4,0
Ti2 Cu1 Se4,0
Tl2 Cu1 Se4,0
Tm2 Cu1 Se4,0
V2 Cu1 Se4,0
Cu1 W2 Se4,0
Y2 Cu1 Se4,0
Yb2 Cu1 Se4,0
Zn2 Cu1 Se4,0
Zr2 Cu1 Se4,0
Dy1 Ag2 Se4,0
Dy1 Al2 Se4,0
Dy1 As2 Se4,0
Dy1 Au2 Se4,0
Dy1 B2 Se4,0
Ba2 Dy1 Se4,0
Dy1 Be2 Se4,0
Dy1 Bi2 Se4,0
Ca2 Dy1 Se4,0
Dy1 Cd2 Se4,0
Ce2 Dy1 Se4,0
Dy1 Co2 Se4,0
Dy1 Cr2 Se4,0
Dy1 Cu2 Se4,0
Dy3 Se4,0
Dy1 Er2 Se4,0
Eu2 Dy1 Se4,0
Dy1 Fe2 Se4,0
Dy1 Ga2 Se4,0
Gd2 Dy1 Se4,0
Dy1 Ge2 Se4,0
Dy1 Hf2 Se4,0
Dy1 Hg2 Se4,0
Dy1 Ho2 Se4,0
Dy1 In2 Se4,0
Dy1 Ir2 Se4,0
La2 Dy1 Se4,0
Dy1 Lu2 Se4,0
Dy1 Mg2 Se4,0
Dy1 Mn2 Se4,0
Dy1 Mo2 Se4,0
Dy1 Nb2 Se4,0
Nd2 Dy1 Se4,0
Dy1 Ni2 Se4,0
Dy1 Os2 Se4,0
Dy1 P2 Se4,0
Dy1 Pb2 Se4,0
Dy1 Pd2 Se4,0
Pr2 Dy1 Se4,0
Dy1 Pt2 Se4,0
Dy1 Re2 Se4,0
Dy1 Rh2 Se4,0
Dy1 Ru2 Se4,0
Dy1 Sb2 Se4,0
Dy1 Sc2 Se4,0
Dy1 Si2 Se4,0
Sm2 Dy1 Se4,0
Dy1 Sn2 Se4,0
Sr2 Dy1 Se4,0
Dy1 Ta2 Se4,0
Tb2 Dy1 Se4,0
Dy1 Tc2 Se4,0
Dy1 Te2 Se4,0
Dy1 Ti2 Se4,0
Dy1 Tl2 Se4,0
Dy1 Tm2 Se4,0
Dy1 V2 Se4,0
Dy1 W2 Se4,0
Dy1 Y2 Se4,0
Yb2 Dy1 Se4,0
Dy1 Zn2 Se4,0
Dy1 Zr2 Se4,0
Er1 Ag2 Se4,0
Er1 Al2 Se4,0
Er1 As2 Se4,0
Er1 Au2 Se4,0
Er1 B2 Se4,0
Ba2 Er1 Se4,0
Er1 Be2 Se4,0
Er1 Bi2 Se4,0
Ca2 Er1 Se4,0
Er1 Cd2 Se4,0
Ce2 Er1 Se4,0
Er1 Co2 Se4,0
Er1 Cr2 Se4,0
Er1 Cu2 Se4,0
Dy2 Er1 Se4,0
Er3 Se4,0
Eu2 Er1 Se4,0
Er1 Fe2 Se4,0
Er1 Ga2 Se4,0
Gd2 Er1 Se4,0
Er1 Ge2 Se4,0
Er1 Hf2 Se4,0
Er1 Hg2 Se4,0
Ho2 Er1 Se4,0
Er1 In2 Se4,0
Er1 Ir2 Se4,0
La2 Er1 Se4,0
Er1 Lu2 Se4,0
Er1 Mg2 Se4,0
Er1 Mn2 Se4,0
Er1 Mo2 Se4,0
Er1 Nb2 Se4,0
Nd2 Er1 Se4,0
Er1 Ni2 Se4,0
Er1 Os2 Se4,0
Er1 P2 Se4,0
Er1 Pb2 Se4,0
Er1 Pd2 Se4,0
Pr2 Er1 Se4,0
Er1 Pt2 Se4,0
Er1 Re2 Se4,0
Er1 Rh2 Se4,0
Er1 Ru2 Se4,0
Er1 Sb2 Se4,0
Er1 Sc2 Se4,0
Er1 Si2 Se4,0
Sm2 Er1 Se4,0
Er1 Sn2 Se4,0
Sr2 Er1 Se4,0
Er1 Ta2 Se4,0
Tb2 Er1 Se4,0
Er1 Tc2 Se4,0
Er1 Te2 Se4,0
Er1 Ti2 Se4,0
Er1 Tl2 Se4,0
Er1 Tm2 Se4,0
Er1 V2 Se4,0
Er1 W2 Se4,0
Y2 Er1 Se4,0
Yb2 Er1 Se4,0
Er1 Zn2 Se4,0
Er1 Zr2 Se4,0
Eu1 Ag2 Se4,0
Eu1 Al2 Se4,0
Eu1 As2 Se4,0
Eu1 Au2 Se4,0
Eu1 B2 Se4,0
Ba2 Eu1 Se4,0
Eu1 Be2 Se4,0
Eu1 Bi2 Se4,0
Ca2 Eu1 Se4,0
Eu1 Cd2 Se4,0
Ce2 Eu1 Se4,0
Eu1 Co2 Se4,0
Eu1 Cr2 Se4,0
Cs2 Eu1 Se4,0
Eu1 Cu2 Se4,0
Eu1 Dy2 Se4,0
Eu1 Er2 Se4,0
Eu3 Se4,0
Eu1 Fe2 Se4,0
Eu1 Ga2 Se4,0
Eu1 Gd2 Se4,0
Eu1 Ge2 Se4,0
Eu1 H2 Se4,0
Eu1 Hf2 Se4,0
Eu1 Hg2 Se4,0
Eu1 Ho2 Se4,0
Eu1 In2 Se4,0
Eu1 Ir2 Se4,0
K2 Eu1 Se4,0
La2 Eu1 Se4,0
Li2 Eu1 Se4,0
Eu1 Lu2 Se4,0
Eu1 Mg2 Se4,0
Eu1 Mn2 Se4,0
Eu1 Mo2 Se4,0
Na2 Eu1 Se4,0
Eu1 Nb2 Se4,0
Nd2 Eu1 Se4,0
Eu1 Ni2 Se4,0
Eu1 Os2 Se4,0
Eu1 P2 Se4,0
Eu1 Pb2 Se4,0
Eu1 Pd2 Se4,0
Pr2 Eu1 Se4,0
Eu1 Pt2 Se4,0
Rb2 Eu1 Se4,0
Eu1 Re2 Se4,0
Eu1 Rh2 Se4,0
Eu1 Ru2 Se4,0
Eu1 Sb2 Se4,0
Eu1 Sc2 Se4,0
Eu1 Si2 Se4,0
Sm2 Eu1 Se4,0
Eu1 Sn2 Se4,0
Sr2 Eu1 Se4,0
Eu1 Ta2 Se4,0
Tb2 Eu1 Se4,0
Eu1 Tc2 Se4,0
Eu1 Te2 Se4,0
Eu1 Ti2 Se4,0
Eu1 Tl2 Se4,0
Eu1 Tm2 Se4,0
Eu1 V2 Se4,0
Eu1 W2 Se4,0
Eu1 Y2 Se4,0
Yb2 Eu1 Se4,0
Eu1 Zn2 Se4,0
Eu1 Zr2 Se4,0
Fe1 Ag2 Se4,0
Al2 Fe1 Se4,0
Fe1 As2 Se4,0
Fe1 Au2 Se4,0
Fe1 B2 Se4,0
Ba2 Fe1 Se4,0
Be2 Fe1 Se4,0
Fe1 Bi2 Se4,0
Ca2 Fe1 Se4,0
Cd2 Fe1 Se4,0
Ce2 Fe1 Se4,0
Fe1 Co2 Se4,0
Cr2 Fe1 Se4,0
Cs2 Fe1 Se4,0
Fe1 Cu2 Se4,0
Dy2 Fe1 Se4,0
Er2 Fe1 Se4,0
Eu2 Fe1 Se4,0
Fe3 Se4,0
Ga2 Fe1 Se4,0
Gd2 Fe1 Se4,0
Fe1 Ge2 Se4,0
Fe1 H2 Se4,0
Hf2 Fe1 Se4,0
Fe1 Hg2 Se4,0
Ho2 Fe1 Se4,0
In2 Fe1 Se4,0
Fe1 Ir2 Se4,0
K2 Fe1 Se4,0
La2 Fe1 Se4,0
Li2 Fe1 Se4,0
Lu2 Fe1 Se4,0
Mg2 Fe1 Se4,0
Mn2 Fe1 Se4,0
Fe1 Mo2 Se4,0
Na2 Fe1 Se4,0
Nb2 Fe1 Se4,0
Nd2 Fe1 Se4,0
Fe1 Ni2 Se4,0
Fe1 Os2 Se4,0
Fe1 P2 Se4,0
Fe1 Pb2 Se4,0
Fe1 Pd2 Se4,0
Pr2 Fe1 Se4,0
Fe1 Pt2 Se4,0
Rb2 Fe1 Se4,0
Fe1 Re2 Se4,0
Fe1 Rh2 Se4,0
Fe1 Ru2 Se4,0
Fe1 Sb2 Se4,0
Sc2 Fe1 Se4,0
Fe1 Si2 Se4,0
Sm2 Fe1 Se4,0
Fe1 Sn2 Se4,0
Sr2 Fe1 Se4,0
Ta2 Fe1 Se4,0
Tb2 Fe1 Se4,0
Fe1 Tc2 Se4,0
Fe1 Te2 Se4,0
Ti2 Fe1 Se4,0
Tl2 Fe1 Se4,0
Tm2 Fe1 Se4,0
V2 Fe1 Se4,0
Fe1 W2 Se4,0
Y2 Fe1 Se4,0
Yb2 Fe1 Se4,0
Zn2 Fe1 Se4,0
Zr2 Fe1 Se4,0
Ga1 Ag2 Se4,0
Al2 Ga1 Se4,0
Ga1 As2 Se4,0
Ga1 Au2 Se4,0
Ga1 B2 Se4,0
Ba2 Ga1 Se4,0
Be2 Ga1 Se4,0
Ga1 Bi2 Se4,0
Ca2 Ga1 Se4,0
Cd2 Ga1 Se4,0
Ce2 Ga1 Se4,0
Ga1 Co2 Se4,0
Cr2 Ga1 Se4,0
Ga1 Cu2 Se4,0
Dy2 Ga1 Se4,0
Er2 Ga1 Se4,0
Eu2 Ga1 Se4,0
Ga1 Fe2 Se4,0
Ga3 Se4,0
Gd2 Ga1 Se4,0
Ga1 Ge2 Se4,0
Hf2 Ga1 Se4,0
Ga1 Hg2 Se4,0
Ho2 Ga1 Se4,0
In2 Ga1 Se4,0
Ga1 Ir2 Se4,0
La2 Ga1 Se4,0
Lu2 Ga1 Se4,0
Mg2 Ga1 Se4,0
Mn2 Ga1 Se4,0
Ga1 Mo2 Se4,0
Nb2 Ga1 Se4,0
Nd2 Ga1 Se4,0
Ga1 Ni2 Se4,0
Ga1 Os2 Se4,0
Ga1 P2 Se4,0
Ga1 Pb2 Se4,0
Ga1 Pd2 Se4,0
Pr2 Ga1 Se4,0
Ga1 Pt2 Se4,0
Ga1 Re2 Se4,0
Ga1 Rh2 Se4,0
Ga1 Ru2 Se4,0
Ga1 Sb2 Se4,0
Sc2 Ga1 Se4,0
Ga1 Si2 Se4,0
Sm2 Ga1 Se4,0
Ga1 Sn2 Se4,0
Sr2 Ga1 Se4,0
Ta2 Ga1 Se4,0
Tb2 Ga1 Se4,0
Ga1 Tc2 Se4,0
Ga1 Te2 Se4,0
Ti2 Ga1 Se4,0
Tl2 Ga1 Se4,0
Tm2 Ga1 Se4,0
V2 Ga1 Se4,0
Ga1 W2 Se4,0
Y2 Ga1 Se4,0
Yb2 Ga1 Se4,0
Zn2 Ga1 Se4,0
Zr2 Ga1 Se4,0
Gd1 Ag2 Se4,0
Gd1 Al2 Se4,0
Gd1 As2 Se4,0
Gd1 Au2 Se4,0
Gd1 B2 Se4,0
Ba2 Gd1 Se4,0
Gd1 Be2 Se4,0
Gd1 Bi2 Se4,0
Ca2 Gd1 Se4,0
Gd1 Cd2 Se4,0
Ce2 Gd1 Se4,0
Gd1 Co2 Se4,0
Gd1 Cr2 Se4,0
Gd1 Cu2 Se4,0
Gd1 Dy2 Se4,0
Gd1 Er2 Se4,0
Gd1 Eu2 Se4,0
Gd1 Fe2 Se4,0
Gd1 Ga2 Se4,0
Gd3 Se4,0
Gd1 Ge2 Se4,0
Gd1 Hf2 Se4,0
Gd1 Hg2 Se4,0
Gd1 Ho2 Se4,0
Gd1 In2 Se4,0
Gd1 Ir2 Se4,0
La2 Gd1 Se4,0
Gd1 Lu2 Se4,0
Gd1 Mg2 Se4,0
Gd1 Mn2 Se4,0
Gd1 Mo2 Se4,0
Gd1 Nb2 Se4,0
Nd2 Gd1 Se4,0
Gd1 Ni2 Se4,0
Gd1 Os2 Se4,0
Gd1 P2 Se4,0
Gd1 Pb2 Se4,0
Gd1 Pd2 Se4,0
Pr2 Gd1 Se4,0
Gd1 Pt2 Se4,0
Gd1 Re2 Se4,0
Gd1 Rh2 Se4,0
Gd1 Ru2 Se4,0
Gd1 Sb2 Se4,0
Gd1 Sc2 Se4,0
Gd1 Si2 Se4,0
Sm2 Gd1 Se4,0
Gd1 Sn2 Se4,0
Sr2 Gd1 Se4,0
Gd1 Ta2 Se4,0
Tb2 Gd1 Se4,0
Gd1 Tc2 Se4,0
Gd1 Te2 Se4,0
Gd1 Ti2 Se4,0
Gd1 Tl2 Se4,0
Gd1 Tm2 Se4,0
Gd1 V2 Se4,0
Gd1 W2 Se4,0
Gd1 Y2 Se4,0
Yb2 Gd1 Se4,0
Gd1 Zn2 Se4,0
Gd1 Zr2 Se4,0
Ag2 Ge1 Se4,0
Al2 Ge1 Se4,0
Ge1 As2 Se4,0
Ge1 Au2 Se4,0
Ge1 B2 Se4,0
Ba2 Ge1 Se4,0
Be2 Ge1 Se4,0
Ge1 Bi2 Se4,0
Ca2 Ge1 Se4,0
Cd2 Ge1 Se4,0
Ce2 Ge1 Se4,0
Co2 Ge1 Se4,0
Cr2 Ge1 Se4,0
Cu2 Ge1 Se4,0
Dy2 Ge1 Se4,0
Er2 Ge1 Se4,0
Eu2 Ge1 Se4,0
Fe2 Ge1 Se4,0
Ga2 Ge1 Se4,0
Gd2 Ge1 Se4,0
Ge3 Se4,0
Hf2 Ge1 Se4,0
Hg2 Ge1 Se4,0
Ho2 Ge1 Se4,0
In2 Ge1 Se4,0
Ge1 Ir2 Se4,0
La2 Ge1 Se4,0
Lu2 Ge1 Se4,0
Mg2 Ge1 Se4,0
Mn2 Ge1 Se4,0
Ge1 Mo2 Se4,0
Nb2 Ge1 Se4,0
Nd2 Ge1 Se4,0
Ni2 Ge1 Se4,0
Ge1 Os2 Se4,0
Ge1 P2 Se4,0
Ge1 Pb2 Se4,0
Ge1 Pd2 Se4,0
Pr2 Ge1 Se4,0
Ge1 Pt2 Se4,0
Re2 Ge1 Se4,0
Ge1 Rh2 Se4,0
Ge1 Ru2 Se4,0
Ge1 Sb2 Se4,0
Sc2 Ge1 Se4,0
Si2 Ge1 Se4,0
Sm2 Ge1 Se4,0
Sn2 Ge1 Se4,0
Sr2 Ge1 Se4,0
Ta2 Ge1 Se4,0
Tb2 Ge1 Se4,0
Tc2 Ge1 Se4,0
Ge1 Te2 Se4,0
Ti2 Ge1 Se4,0
Tl2 Ge1 Se4,0
Tm2 Ge1 Se4,0
V2 Ge1 Se4,0
Ge1 W2 Se4,0
Y2 Ge1 Se4,0
Yb2 Ge1 Se4,0
Zn2 Ge1 Se4,0
Zr2 Ge1 Se4,0
As2 H1 Se4,0
H1 Au2 Se4,0
Bi2 H1 Se4,0
Ce2 H1 Se4,0
Co2 H1 Se4,0
Cr2 H1 Se4,0
Cu2 H1 Se4,0
Dy2 H1 Se4,0
Er2 H1 Se4,0
Eu2 H1 Se4,0
Fe2 H1 Se4,0
Ga2 H1 Se4,0
Gd2 H1 Se4,0
Ge2 H1 Se4,0
Hf2 H1 Se4,0
H1 Ir2 Se4,0
La2 H1 Se4,0
Mn2 H1 Se4,0
Mo2 H1 Se4,0
Nb2 H1 Se4,0
Nd2 H1 Se4,0
Ni2 H1 Se4,0
H1 Os2 Se4,0
P2 H1 Se4,0
H1 Pb2 Se4,0
H1 Pd2 Se4,0
Pr2 H1 Se4,0
H1 Pt2 Se4,0
Re2 H1 Se4,0
H1 Rh2 Se4,0
H1 Ru2 Se4,0
Sb2 H1 Se4,0
Si2 H1 Se4,0
Sm2 H1 Se4,0
Sn2 H1 Se4,0
Ta2 H1 Se4,0
Tb2 H1 Se4,0
Tc2 H1 Se4,0
Te2 H1 Se4,0
Ti2 H1 Se4,0
V2 H1 Se4,0
H1 W2 Se4,0
Y2 H1 Se4,0
Yb2 H1 Se4,0
Zn2 H1 Se4,0
Zr2 H1 Se4,0
Hf1 Ag2 Se4,0
Hf1 Al2 Se4,0
Hf1 As2 Se4,0
Hf1 Au2 Se4,0
Hf1 B2 Se4,0
Ba2 Hf1 Se4,0
Hf1 Be2 Se4,0
Hf1 Bi2 Se4,0
Ca2 Hf1 Se4,0
Hf1 Cd2 Se4,0
Ce2 Hf1 Se4,0
Hf1 Co2 Se4,0
Hf1 Cr2 Se4,0
Hf1 Cu2 Se4,0
Dy2 Hf1 Se4,0
Er2 Hf1 Se4,0
Eu2 Hf1 Se4,0
Hf1 Fe2 Se4,0
Hf1 Ga2 Se4,0
Gd2 Hf1 Se4,0
Hf1 Ge2 Se4,0
Hf3 Se4,0
Hf1 Hg2 Se4,0
Ho2 Hf1 Se4,0
Hf1 In2 Se4,0
Hf1 Ir2 Se4,0
La2 Hf1 Se4,0
Lu2 Hf1 Se4,0
Hf1 Mg2 Se4,0
Hf1 Mn2 Se4,0
Hf1 Mo2 Se4,0
Hf1 Nb2 Se4,0
Nd2 Hf1 Se4,0
Hf1 Ni2 Se4,0
Hf1 Os2 Se4,0
Hf1 P2 Se4,0
Hf1 Pb2 Se4,0
Hf1 Pd2 Se4,0
Pr2 Hf1 Se4,0
Hf1 Pt2 Se4,0
Hf1 Re2 Se4,0
Hf1 Rh2 Se4,0
Hf1 Ru2 Se4,0
Hf1 Sb2 Se4,0
Hf1 Sc2 Se4,0
Hf1 Si2 Se4,0
Sm2 Hf1 Se4,0
Hf1 Sn2 Se4,0
Sr2 Hf1 Se4,0
Hf1 Ta2 Se4,0
Tb2 Hf1 Se4,0
Hf1 Tc2 Se4,0
Hf1 Te2 Se4,0
Hf1 Ti2 Se4,0
Hf1 Tl2 Se4,0
Tm2 Hf1 Se4,0
Hf1 V2 Se4,0
Hf1 W2 Se4,0
Y2 Hf1 Se4,0
Yb2 Hf1 Se4,0
Hf1 Zn2 Se4,0
Hf1 Zr2 Se4,0
Ag2 Hg1 Se4,0
Al2 Hg1 Se4,0
Hg1 As2 Se4,0
Hg1 Au2 Se4,0
Hg1 B2 Se4,0
Hg1 Bi2 Se4,0
Ce2 Hg1 Se4,0
Co2 Hg1 Se4,0
Cr2 Hg1 Se4,0
Cu2 Hg1 Se4,0
Dy2 Hg1 Se4,0
Er2 Hg1 Se4,0
Eu2 Hg1 Se4,0
Fe2 Hg1 Se4,0
Ga2 Hg1 Se4,0
Gd2 Hg1 Se4,0
Hg1 Ge2 Se4,0
Hf2 Hg1 Se4,0
Ho2 Hg1 Se4,0
In2 Hg1 Se4,0
Hg1 Ir2 Se4,0
La2 Hg1 Se4,0
Lu2 Hg1 Se4,0
Mn2 Hg1 Se4,0
Hg1 Mo2 Se4,0
Nb2 Hg1 Se4,0
Nd2 Hg1 Se4,0
Ni2 Hg1 Se4,0
Hg1 Os2 Se4,0
Hg1 P2 Se4,0
Hg1 Pb2 Se4,0
Hg1 Pd2 Se4,0
Pr2 Hg1 Se4,0
Hg1 Pt2 Se4,0
Re2 Hg1 Se4,0
Hg1 Rh2 Se4,0
Hg1 Ru2 Se4,0
Hg1 Sb2 Se4,0
Sc2 Hg1 Se4,0
Si2 Hg1 Se4,0
Sm2 Hg1 Se4,0
Sn2 Hg1 Se4,0
Sr2 Hg1 Se4,0
Ta2 Hg1 Se4,0
Tb2 Hg1 Se4,0
Tc2 Hg1 Se4,0
Hg1 Te2 Se4,0
Ti2 Hg1 Se4,0
Tl2 Hg1 Se4,0
Tm2 Hg1 Se4,0
V2 Hg1 Se4,0
Hg1 W2 Se4,0
Y2 Hg1 Se4,0
Yb2 Hg1 Se4,0
Zn2 Hg1 Se4,0
Zr2 Hg1 Se4,0
Ho1 Ag2 Se4,0
Ho1 Al2 Se4,0
Ho1 As2 Se4,0
Ho1 Au2 Se4,0
Ho1 B2 Se4,0
Ho1 Bi2 Se4,0
Ce2 Ho1 Se4,0
Ho1 Co2 Se4,0
Ho1 Cr2 Se4,0
Ho1 Cu2 Se4,0
Dy2 Ho1 Se4,0
Ho1 Er2 Se4,0
Eu2 Ho1 Se4,0
Ho1 Fe2 Se4,0
Ho1 Ga2 Se4,0
Gd2 Ho1 Se4,0
Ho1 Ge2 Se4,0
Ho1 Hf2 Se4,0
Ho3 Se4,0
Ho1 In2 Se4,0
Ho1 Ir2 Se4,0
La2 Ho1 Se4,0
Ho1 Lu2 Se4,0
Ho1 Mn2 Se4,0
Ho1 Mo2 Se4,0
Ho1 Nb2 Se4,0
Nd2 Ho1 Se4,0
Ho1 Ni2 Se4,0
Ho1 Os2 Se4,0
Ho1 P2 Se4,0
Ho1 Pb2 Se4,0
Ho1 Pd2 Se4,0
Pr2 Ho1 Se4,0
Ho1 Pt2 Se4,0
Ho1 Re2 Se4,0
Ho1 Rh2 Se4,0
Ho1 Ru2 Se4,0
Ho1 Sb2 Se4,0
Ho1 Sc2 Se4,0
Ho1 Si2 Se4,0
Sm2 Ho1 Se4,0
Ho1 Sn2 Se4,0
Sr2 Ho1 Se4,0
Ho1 Ta2 Se4,0
Tb2 Ho1 Se4,0
Ho1 Tc2 Se4,0
Ho1 Te2 Se4,0
Ho1 Ti2 Se4,0
Ho1 Tl2 Se4,0
Ho1 Tm2 Se4,0
Ho1 V2 Se4,0
Ho1 W2 Se4,0
Y2 Ho1 Se4,0
Yb2 Ho1 Se4,0
Ho1 Zn2 Se4,0
Ho1 Zr2 Se4,0
In1 Ag2 Se4,0
Al2 In1 Se4,0
In1 As2 Se4,0
In1 Au2 Se4,0
In1 B2 Se4,0
In1 Bi2 Se4,0
Ce2 In1 Se4,0
In1 Co2 Se4,0
Cr2 In1 Se4,0
In1 Cu2 Se4,0
Dy2 In1 Se4,0
Er2 In1 Se4,0
Eu2 In1 Se4,0
In1 Fe2 Se4,0
In1 Ga2 Se4,0
Gd2 In1 Se4,0
In1 Ge2 Se4,0
Hf2 In1 Se4,0
Ho2 In1 Se4,0
In3 Se4,0
In1 Ir2 Se4,0
La2 In1 Se4,0
Lu2 In1 Se4,0
Mn2 In1 Se4,0
In1 Mo2 Se4,0
Nb2 In1 Se4,0
Nd2 In1 Se4,0
In1 Ni2 Se4,0
In1 Os2 Se4,0
In1 P2 Se4,0
In1 Pb2 Se4,0
In1 Pd2 Se4,0
Pr2 In1 Se4,0
In1 Pt2 Se4,0
In1 Re2 Se4,0
In1 Rh2 Se4,0
In1 Ru2 Se4,0
In1 Sb2 Se4,0
Sc2 In1 Se4,0
In1 Si2 Se4,0
Sm2 In1 Se4,0
In1 Sn2 Se4,0
Sr2 In1 Se4,0
Ta2 In1 Se4,0
Tb2 In1 Se4,0
In1 Tc2 Se4,0
In1 Te2 Se4,0
Ti2 In1 Se4,0
Tl2 In1 Se4,0
Tm2 In1 Se4,0
V2 In1 Se4,0
In1 W2 Se4,0
Y2 In1 Se4,0
Yb2 In1 Se4,0
Zn2 In1 Se4,0
Zr2 In1 Se4,0
Ag2 Ir1 Se4,0
Al2 Ir1 Se4,0
As2 Ir1 Se4,0
Ir1 Au2 Se4,0
B2 Ir1 Se4,0
Ba2 Ir1 Se4,0
Be2 Ir1 Se4,0
Bi2 Ir1 Se4,0
Ca2 Ir1 Se4,0
Cd2 Ir1 Se4,0
Ce2 Ir1 Se4,0
Co2 Ir1 Se4,0
Cr2 Ir1 Se4,0
Cs2 Ir1 Se4,0
Cu2 Ir1 Se4,0
Dy2 Ir1 Se4,0
Er2 Ir1 Se4,0
Eu2 Ir1 Se4,0
Fe2 Ir1 Se4,0
Ga2 Ir1 Se4,0
Gd2 Ir1 Se4,0
Ge2 Ir1 Se4,0
Ir1 H2 Se4,0
Hf2 Ir1 Se4,0
Hg2 Ir1 Se4,0
Ho2 Ir1 Se4,0
In2 Ir1 Se4,0
Ir3 Se4,0
K2 Ir1 Se4,0
La2 Ir1 Se4,0
Li2 Ir1 Se4,0
Lu2 Ir1 Se4,0
Mg2 Ir1 Se4,0
Mn2 Ir1 Se4,0
Mo2 Ir1 Se4,0
Na2 Ir1 Se4,0
Nb2 Ir1 Se4,0
Nd2 Ir1 Se4,0
Ni2 Ir1 Se4,0
Ir1 Os2 Se4,0
P2 Ir1 Se4,0
Ir1 Pb2 Se4,0
Ir1 Pd2 Se4,0
Pr2 Ir1 Se4,0
Ir1 Pt2 Se4,0
Rb2 Ir1 Se4,0
Re2 Ir1 Se4,0
Ir1 Rh2 Se4,0
Ir1 Ru2 Se4,0
Sb2 Ir1 Se4,0
Sc2 Ir1 Se4,0
Si2 Ir1 Se4,0
Sm2 Ir1 Se4,0
Sn2 Ir1 Se4,0
Sr2 Ir1 Se4,0
Ta2 Ir1 Se4,0
Tb2 Ir1 Se4,0
Tc2 Ir1 Se4,0
Te2 Ir1 Se4,0
Ti2 Ir1 Se4,0
Tl2 Ir1 Se4,0
Tm2 Ir1 Se4,0
V2 Ir1 Se4,0
Ir1 W2 Se4,0
Y2 Ir1 Se4,0
Yb2 Ir1 Se4,0
Zn2 Ir1 Se4,0
Zr2 Ir1 Se4,0
K1 As2 Se4,0
K1 Au2 Se4,0
K1 Bi2 Se4,0
K1 Ce2 Se4,0
K1 Co2 Se4,0
K1 Cr2 Se4,0
K1 Cu2 Se4,0
K1 Dy2 Se4,0
K1 Er2 Se4,0
K1 Eu2 Se4,0
K1 Fe2 Se4,0
K1 Ga2 Se4,0
K1 Gd2 Se4,0
K1 Ge2 Se4,0
K1 Hf2 Se4,0
K1 Ir2 Se4,0
K1 La2 Se4,0
K1 Mn2 Se4,0
K1 Mo2 Se4,0
K1 Nb2 Se4,0
K1 Nd2 Se4,0
K1 Ni2 Se4,0
K1 Os2 Se4,0
K1 P2 Se4,0
K1 Pb2 Se4,0
K1 Pd2 Se4,0
K1 Pr2 Se4,0
K1 Pt2 Se4,0
K1 Re2 Se4,0
K1 Rh2 Se4,0
K1 Ru2 Se4,0
K1 Sb2 Se4,0
K1 Si2 Se4,0
K1 Sm2 Se4,0
K1 Sn2 Se4,0
K1 Ta2 Se4,0
K1 Tb2 Se4,0
K1 Tc2 Se4,0
K1 Te2 Se4,0
K1 Ti2 Se4,0
K1 V2 Se4,0
K1 W2 Se4,0
K1 Y2 Se4,0
K1 Yb2 Se4,0
K1 Zn2 Se4,0
K1 Zr2 Se4,0
La1 Ag2 Se4,0
La1 Al2 Se4,0
La1 As2 Se4,0
La1 Au2 Se4,0
La1 B2 Se4,0
Ba2 La1 Se4,0
La1 Be2 Se4,0
La1 Bi2 Se4,0
Ca2 La1 Se4,0
La1 Cd2 Se4,0
La1 Ce2 Se4,0
La1 Co2 Se4,0
La1 Cr2 Se4,0
La1 Cu2 Se4,0
La1 Dy2 Se4,0
La1 Er2 Se4,0
La1 Eu2 Se4,0
La1 Fe2 Se4,0
La1 Ga2 Se4,0
La1 Gd2 Se4,0
La1 Ge2 Se4,0
La1 Hf2 Se4,0
La1 Hg2 Se4,0
La1 Ho2 Se4,0
La1 In2 Se4,0
La1 Ir2 Se4,0
La3 Se4,0
La1 Lu2 Se4,0
La1 Mg2 Se4,0
La1 Mn2 Se4,0
La1 Mo2 Se4,0
La1 Nb2 Se4,0
La1 Nd2 Se4,0
La1 Ni2 Se4,0
La1 Os2 Se4,0
La1 P2 Se4,0
La1 Pb2 Se4,0
La1 Pd2 Se4,0
La1 Pr2 Se4,0
La1 Pt2 Se4,0
La1 Re2 Se4,0
La1 Rh2 Se4,0
La1 Ru2 Se4,0
La1 Sb2 Se4,0
La1 Sc2 Se4,0
La1 Si2 Se4,0
La1 Sm2 Se4,0
La1 Sn2 Se4,0
Sr2 La1 Se4,0
La1 Ta2 Se4,0
La1 Tb2 Se4,0
La1 Tc2 Se4,0
La1 Te2 Se4,0
La1 Ti2 Se4,0
La1 Tl2 Se4,0
La1 Tm2 Se4,0
La1 V2 Se4,0
La1 W2 Se4,0
La1 Y2 Se4,0
La1 Yb2 Se4,0
La1 Zn2 Se4,0
La1 Zr2 Se4,0
Li1 As2 Se4,0
Li1 Au2 Se4,0
Li1 Bi2 Se4,0
Li1 Ce2 Se4,0
Li1 Co2 Se4,0
Li1 Cr2 Se4,0
Li1 Cu2 Se4,0
Li1 Dy2 Se4,0
Li1 Er2 Se4,0
Li1 Eu2 Se4,0
Li1 Fe2 Se4,0
Li1 Ga2 Se4,0
Li1 Gd2 Se4,0
Li1 Ge2 Se4,0
Li1 Hf2 Se4,0
Li1 Ir2 Se4,0
Li1 La2 Se4,0
Li1 Mn2 Se4,0
Li1 Mo2 Se4,0
Li1 Nb2 Se4,0
Li1 Nd2 Se4,0
Li1 Ni2 Se4,0
Li1 Os2 Se4,0
Li1 P2 Se4,0
Li1 Pb2 Se4,0
Li1 Pd2 Se4,0
Li1 Pr2 Se4,0
Li1 Pt2 Se4,0
Li1 Re2 Se4,0
Li1 Rh2 Se4,0
Li1 Ru2 Se4,0
Li1 Sb2 Se4,0
Li1 Si2 Se4,0
Li1 Sm2 Se4,0
Li1 Sn2 Se4,0
Li1 Ta2 Se4,0
Li1 Tb2 Se4,0
Li1 Tc2 Se4,0
Li1 Te2 Se4,0
Li1 Ti2 Se4,0
Li1 V2 Se4,0
Li1 W2 Se4,0
Li1 Y2 Se4,0
Li1 Yb2 Se4,0
Li1 Zn2 Se4,0
Li1 Zr2 Se4,0
Lu1 Ag2 Se4,0
Lu1 Al2 Se4,0
Lu1 As2 Se4,0
Lu1 Au2 Se4,0
Lu1 B2 Se4,0
Lu1 Bi2 Se4,0
Ce2 Lu1 Se4,0
Lu1 Co2 Se4,0
Lu1 Cr2 Se4,0
Lu1 Cu2 Se4,0
Dy2 Lu1 Se4,0
Er2 Lu1 Se4,0
Eu2 Lu1 Se4,0
Lu1 Fe2 Se4,0
Lu1 Ga2 Se4,0
Gd2 Lu1 Se4,0
Lu1 Ge2 Se4,0
Lu1 Hf2 Se4,0
Ho2 Lu1 Se4,0
Lu1 In2 Se4,0
Lu1 Ir2 Se4,0
La2 Lu1 Se4,0
Lu3 Se4,0
Lu1 Mn2 Se4,0
Lu1 Mo2 Se4,0
Lu1 Nb2 Se4,0
Nd2 Lu1 Se4,0
Lu1 Ni2 Se4,0
Lu1 Os2 Se4,0
Lu1 P2 Se4,0
Lu1 Pb2 Se4,0
Lu1 Pd2 Se4,0
Pr2 Lu1 Se4,0
Lu1 Pt2 Se4,0
Lu1 Re2 Se4,0
Lu1 Rh2 Se4,0
Lu1 Ru2 Se4,0
Lu1 Sb2 Se4,0
Lu1 Sc2 Se4,0
Lu1 Si2 Se4,0
Sm2 Lu1 Se4,0
Lu1 Sn2 Se4,0
Sr2 Lu1 Se4,0
Lu1 Ta2 Se4,0
Tb2 Lu1 Se4,0
Lu1 Tc2 Se4,0
Lu1 Te2 Se4,0
Lu1 Ti2 Se4,0
Lu1 Tl2 Se4,0
Tm2 Lu1 Se4,0
Lu1 V2 Se4,0
Lu1 W2 Se4,0
Y2 Lu1 Se4,0
Yb2 Lu1 Se4,0
Lu1 Zn2 Se4,0
Lu1 Zr2 Se4,0
Mg1 Ag2 Se4,0
Mg1 Al2 Se4,0
Mg1 As2 Se4,0
Mg1 Au2 Se4,0
Mg1 B2 Se4,0
Mg1 Bi2 Se4,0
Ce2 Mg1 Se4,0
Mg1 Co2 Se4,0
Mg1 Cr2 Se4,0
Mg1 Cu2 Se4,0
Dy2 Mg1 Se4,0
Er2 Mg1 Se4,0
Eu2 Mg1 Se4,0
Mg1 Fe2 Se4,0
Mg1 Ga2 Se4,0
Gd2 Mg1 Se4,0
Mg1 Ge2 Se4,0
Hf2 Mg1 Se4,0
Ho2 Mg1 Se4,0
Mg1 In2 Se4,0
Mg1 Ir2 Se4,0
La2 Mg1 Se4,0
Lu2 Mg1 Se4,0
Mg1 Mn2 Se4,0
Mg1 Mo2 Se4,0
Mg1 Nb2 Se4,0
Nd2 Mg1 Se4,0
Mg1 Ni2 Se4,0
Mg1 Os2 Se4,0
Mg1 P2 Se4,0
Mg1 Pb2 Se4,0
Mg1 Pd2 Se4,0
Pr2 Mg1 Se4,0
Mg1 Pt2 Se4,0
Mg1 Re2 Se4,0
Mg1 Rh2 Se4,0
Mg1 Ru2 Se4,0
Mg1 Sb2 Se4,0
Mg1 Sc2 Se4,0
Mg1 Si2 Se4,0
Sm2 Mg1 Se4,0
Mg1 Sn2 Se4,0
Sr2 Mg1 Se4,0
Mg1 Ta2 Se4,0
Tb2 Mg1 Se4,0
Mg1 Tc2 Se4,0
Mg1 Te2 Se4,0
Mg1 Ti2 Se4,0
Mg1 Tl2 Se4,0
Tm2 Mg1 Se4,0
Mg1 V2 Se4,0
Mg1 W2 Se4,0
Y2 Mg1 Se4,0
Yb2 Mg1 Se4,0
Mg1 Zn2 Se4,0
Mg1 Zr2 Se4,0
Mn1 Ag2 Se4,0
Mn1 Al2 Se4,0
Mn1 As2 Se4,0
Mn1 Au2 Se4,0
Mn1 B2 Se4,0
Ba2 Mn1 Se4,0
Mn1 Be2 Se4,0
Mn1 Bi2 Se4,0
Ca2 Mn1 Se4,0
Mn1 Cd2 Se4,0
Ce2 Mn1 Se4,0
Mn1 Co2 Se4,0
Mn1 Cr2 Se4,0
Cs2 Mn1 Se4,0
Mn1 Cu2 Se4,0
Dy2 Mn1 Se4,0
Er2 Mn1 Se4,0
Eu2 Mn1 Se4,0
Mn1 Fe2 Se4,0
Mn1 Ga2 Se4,0
Gd2 Mn1 Se4,0
Mn1 Ge2 Se4,0
Mn1 H2 Se4,0
Hf2 Mn1 Se4,0
Mn1 Hg2 Se4,0
Ho2 Mn1 Se4,0
Mn1 In2 Se4,0
Mn1 Ir2 Se4,0
K2 Mn1 Se4,0
La2 Mn1 Se4,0
Li2 Mn1 Se4,0
Lu2 Mn1 Se4,0
Mg2 Mn1 Se4,0
Mn3 Se4,0
Mn1 Mo2 Se4,0
Na2 Mn1 Se4,0
Mn1 Nb2 Se4,0
Nd2 Mn1 Se4,0
Mn1 Ni2 Se4,0
Mn1 Os2 Se4,0
Mn1 P2 Se4,0
Mn1 Pb2 Se4,0
Mn1 Pd2 Se4,0
Pr2 Mn1 Se4,0
Mn1 Pt2 Se4,0
Rb2 Mn1 Se4,0
Mn1 Re2 Se4,0
Mn1 Rh2 Se4,0
Mn1 Ru2 Se4,0
Mn1 Sb2 Se4,0
Sc2 Mn1 Se4,0
Mn1 Si2 Se4,0
Sm2 Mn1 Se4,0
Mn1 Sn2 Se4,0
Sr2 Mn1 Se4,0
Ta2 Mn1 Se4,0
Tb2 Mn1 Se4,0
Mn1 Tc2 Se4,0
Mn1 Te2 Se4,0
Ti2 Mn1 Se4,0
Mn1 Tl2 Se4,0
Tm2 Mn1 Se4,0
Mn1 V2 Se4,0
Mn1 W2 Se4,0
Y2 Mn1 Se4,0
Yb2 Mn1 Se4,0
Mn1 Zn2 Se4,0
Zr2 Mn1 Se4,0
Ag2 Mo1 Se4,0
Al2 Mo1 Se4,0
Mo1 As2 Se4,0
Mo1 Au2 Se4,0
B2 Mo1 Se4,0
Ba2 Mo1 Se4,0
Be2 Mo1 Se4,0
Bi2 Mo1 Se4,0
Ca2 Mo1 Se4,0
Cd2 Mo1 Se4,0
Ce2 Mo1 Se4,0
Co2 Mo1 Se4,0
Cr2 Mo1 Se4,0
Cs2 Mo1 Se4,0
Cu2 Mo1 Se4,0
Dy2 Mo1 Se4,0
Er2 Mo1 Se4,0
Eu2 Mo1 Se4,0
Fe2 Mo1 Se4,0
Ga2 Mo1 Se4,0
Gd2 Mo1 Se4,0
Ge2 Mo1 Se4,0
Mo1 H2 Se4,0
Hf2 Mo1 Se4,0
Hg2 Mo1 Se4,0
Ho2 Mo1 Se4,0
In2 Mo1 Se4,0
Mo1 Ir2 Se4,0
K2 Mo1 Se4,0
La2 Mo1 Se4,0
Li2 Mo1 Se4,0
Lu2 Mo1 Se4,0
Mg2 Mo1 Se4,0
Mn2 Mo1 Se4,0
Mo3 Se4,0
Na2 Mo1 Se4,0
Nb2 Mo1 Se4,0
Nd2 Mo1 Se4,0
Ni2 Mo1 Se4,0
Mo1 Os2 Se4,0
Mo1 P2 Se4,0
Mo1 Pb2 Se4,0
Mo1 Pd2 Se4,0
Pr2 Mo1 Se4,0
Mo1 Pt2 Se4,0
Rb2 Mo1 Se4,0
Re2 Mo1 Se4,0
Mo1 Rh2 Se4,0
Mo1 Ru2 Se4,0
Sb2 Mo1 Se4,0
Sc2 Mo1 Se4,0
Si2 Mo1 Se4,0
Sm2 Mo1 Se4,0
Sn2 Mo1 Se4,0
Sr2 Mo1 Se4,0
Ta2 Mo1 Se4,0
Tb2 Mo1 Se4,0
Tc2 Mo1 Se4,0
Te2 Mo1 Se4,0
Ti2 Mo1 Se4,0
Tl2 Mo1 Se4,0
Tm2 Mo1 Se4,0
V2 Mo1 Se4,0
Mo1 W2 Se4,0
Y2 Mo1 Se4,0
Yb2 Mo1 Se4,0
Zn2 Mo1 Se4,0
Zr2 Mo1 Se4,0
Na1 As2 Se4,0
Na1 Au2 Se4,0
Na1 Bi2 Se4,0
Na1 Ce2 Se4,0
Na1 Co2 Se4,0
Na1 Cr2 Se4,0
Na1 Cu2 Se4,0
Na1 Dy2 Se4,0
Na1 Er2 Se4,0
Na1 Eu2 Se4,0
Na1 Fe2 Se4,0
Na1 Ga2 Se4,0
Na1 Gd2 Se4,0
Na1 Ge2 Se4,0
Na1 Hf2 Se4,0
Na1 Ir2 Se4,0
Na1 La2 Se4,0
Na1 Mn2 Se4,0
Na1 Mo2 Se4,0
Na1 Nb2 Se4,0
Na1 Nd2 Se4,0
Na1 Ni2 Se4,0
Na1 Os2 Se4,0
Na1 P2 Se4,0
Na1 Pb2 Se4,0
Na1 Pd2 Se4,0
Na1 Pr2 Se4,0
Na1 Pt2 Se4,0
Na1 Re2 Se4,0
Na1 Rh2 Se4,0
Na1 Ru2 Se4,0
Na1 Sb2 Se4,0
Na1 Si2 Se4,0
Na1 Sm2 Se4,0
Na1 Sn2 Se4,0
Na1 Ta2 Se4,0
Na1 Tb2 Se4,0
Na1 Tc2 Se4,0
Na1 Te2 Se4,0
Na1 Ti2 Se4,0
Na1 V2 Se4,0
Na1 W2 Se4,0
Na1 Y2 Se4,0
Na1 Yb2 Se4,0
Na1 Zn2 Se4,0
Na1 Zr2 Se4,0
Nb1 Ag2 Se4,0
Nb1 Al2 Se4,0
Nb1 As2 Se4,0
Nb1 Au2 Se4,0
Nb1 B2 Se4,0
Ba2 Nb1 Se4,0
Be2 Nb1 Se4,0
Nb1 Bi2 Se4,0
Ca2 Nb1 Se4,0
Nb1 Cd2 Se4,0
Ce2 Nb1 Se4,0
Nb1 Co2 Se4,0
Nb1 Cr2 Se4,0
Cs2 Nb1 Se4,0
Nb1 Cu2 Se4,0
Dy2 Nb1 Se4,0
Er2 Nb1 Se4,0
Eu2 Nb1 Se4,0
Nb1 Fe2 Se4,0
Nb1 Ga2 Se4,0
Gd2 Nb1 Se4,0
Nb1 Ge2 Se4,0
Nb1 H2 Se4,0
Hf2 Nb1 Se4,0
Nb1 Hg2 Se4,0
Ho2 Nb1 Se4,0
Nb1 In2 Se4,0
Nb1 Ir2 Se4,0
K2 Nb1 Se4,0
La2 Nb1 Se4,0
Li2 Nb1 Se4,0
Lu2 Nb1 Se4,0
Mg2 Nb1 Se4,0
Mn2 Nb1 Se4,0
Nb1 Mo2 Se4,0
Na2 Nb1 Se4,0
Nb3 Se4,0
Nd2 Nb1 Se4,0
Nb1 Ni2 Se4,0
Nb1 Os2 Se4,0
Nb1 P2 Se4,0
Nb1 Pb2 Se4,0
Nb1 Pd2 Se4,0
Pr2 Nb1 Se4,0
Nb1 Pt2 Se4,0
Rb2 Nb1 Se4,0
Nb1 Re2 Se4,0
Nb1 Rh2 Se4,0
Nb1 Ru2 Se4,0
Nb1 Sb2 Se4,0
Sc2 Nb1 Se4,0
Nb1 Si2 Se4,0
Sm2 Nb1 Se4,0
Nb1 Sn2 Se4,0
Sr2 Nb1 Se4,0
Ta2 Nb1 Se4,0
Tb2 Nb1 Se4,0
Nb1 Tc2 Se4,0
Nb1 Te2 Se4,0
Ti2 Nb1 Se4,0
Nb1 Tl2 Se4,0
Tm2 Nb1 Se4,0
Nb1 V2 Se4,0
Nb1 W2 Se4,0
Y2 Nb1 Se4,0
Yb2 Nb1 Se4,0
Nb1 Zn2 Se4,0
Zr2 Nb1 Se4,0
Nd1 Ag2 Se4,0
Nd1 Al2 Se4,0
Nd1 As2 Se4,0
Nd1 Au2 Se4,0
Nd1 B2 Se4,0
Ba2 Nd1 Se4,0
Nd1 Be2 Se4,0
Nd1 Bi2 Se4,0
Ca2 Nd1 Se4,0
Nd1 Cd2 Se4,0
Ce2 Nd1 Se4,0
Nd1 Co2 Se4,0
Nd1 Cr2 Se4,0
Nd1 Cu2 Se4,0
Nd1 Dy2 Se4,0
Nd1 Er2 Se4,0
Nd1 Eu2 Se4,0
Nd1 Fe2 Se4,0
Nd1 Ga2 Se4,0
Nd1 Gd2 Se4,0
Nd1 Ge2 Se4,0
Nd1 Hf2 Se4,0
Nd1 Hg2 Se4,0
Nd1 Ho2 Se4,0
Nd1 In2 Se4,0
Nd1 Ir2 Se4,0
La2 Nd1 Se4,0
Nd1 Lu2 Se4,0
Nd1 Mg2 Se4,0
Nd1 Mn2 Se4,0
Nd1 Mo2 Se4,0
Nd1 Nb2 Se4,0
Nd3 Se4,0
Nd1 Ni2 Se4,0
Nd1 Os2 Se4,0
Nd1 P2 Se4,0
Nd1 Pb2 Se4,0
Nd1 Pd2 Se4,0
Pr2 Nd1 Se4,0
Nd1 Pt2 Se4,0
Nd1 Re2 Se4,0
Nd1 Rh2 Se4,0
Nd1 Ru2 Se4,0
Nd1 Sb2 Se4,0
Nd1 Sc2 Se4,0
Nd1 Si2 Se4,0
Nd1 Sm2 Se4,0
Nd1 Sn2 Se4,0
Sr2 Nd1 Se4,0
Nd1 Ta2 Se4,0
Tb2 Nd1 Se4,0
Nd1 Tc2 Se4,0
Nd1 Te2 Se4,0
Nd1 Ti2 Se4,0
Nd1 Tl2 Se4,0
Nd1 Tm2 Se4,0
Nd1 V2 Se4,0
Nd1 W2 Se4,0
Nd1 Y2 Se4,0
Yb2 Nd1 Se4,0
Nd1 Zn2 Se4,0
Nd1 Zr2 Se4,0
Ni1 Ag2 Se4,0
Al2 Ni1 Se4,0
Ni1 As2 Se4,0
Ni1 Au2 Se4,0
Ni1 B2 Se4,0
Ba2 Ni1 Se4,0
Be2 Ni1 Se4,0
Ni1 Bi2 Se4,0
Ca2 Ni1 Se4,0
Cd2 Ni1 Se4,0
Ce2 Ni1 Se4,0
Co2 Ni1 Se4,0
Cr2 Ni1 Se4,0
Cu2 Ni1 Se4,0
Dy2 Ni1 Se4,0
Er2 Ni1 Se4,0
Eu2 Ni1 Se4,0
Fe2 Ni1 Se4,0
Ga2 Ni1 Se4,0
Gd2 Ni1 Se4,0
Ni1 Ge2 Se4,0
Hf2 Ni1 Se4,0
Ni1 Hg2 Se4,0
Ho2 Ni1 Se4,0
In2 Ni1 Se4,0
Ni1 Ir2 Se4,0
La2 Ni1 Se4,0
Lu2 Ni1 Se4,0
Mg2 Ni1 Se4,0
Mn2 Ni1 Se4,0
Ni1 Mo2 Se4,0
Nb2 Ni1 Se4,0
Nd2 Ni1 Se4,0
Ni3 Se4,0
Ni1 Os2 Se4,0
Ni1 P2 Se4,0
Ni1 Pb2 Se4,0
Ni1 Pd2 Se4,0
Pr2 Ni1 Se4,0
Ni1 Pt2 Se4,0
Re2 Ni1 Se4,0
Ni1 Rh2 Se4,0
Ni1 Ru2 Se4,0
Ni1 Sb2 Se4,0
Sc2 Ni1 Se4,0
Si2 Ni1 Se4,0
Sm2 Ni1 Se4,0
Ni1 Sn2 Se4,0
Sr2 Ni1 Se4,0
Ta2 Ni1 Se4,0
Tb2 Ni1 Se4,0
Tc2 Ni1 Se4,0
Ni1 Te2 Se4,0
Ti2 Ni1 Se4,0
Tl2 Ni1 Se4,0
Tm2 Ni1 Se4,0
V2 Ni1 Se4,0
Ni1 W2 Se4,0
Y2 Ni1 Se4,0
Yb2 Ni1 Se4,0
Zn2 Ni1 Se4,0
Zr2 Ni1 Se4,0
Ag2 Os1 Se4,0
Al2 Os1 Se4,0
As2 Os1 Se4,0
Os1 Au2 Se4,0
B2 Os1 Se4,0
Ba2 Os1 Se4,0
Be2 Os1 Se4,0
Bi2 Os1 Se4,0
Ca2 Os1 Se4,0
Cd2 Os1 Se4,0
Ce2 Os1 Se4,0
Co2 Os1 Se4,0
Cr2 Os1 Se4,0
Cs2 Os1 Se4,0
Cu2 Os1 Se4,0
Dy2 Os1 Se4,0
Er2 Os1 Se4,0
Eu2 Os1 Se4,0
Fe2 Os1 Se4,0
Ga2 Os1 Se4,0
Gd2 Os1 Se4,0
Ge2 Os1 Se4,0
Os1 H2 Se4,0
Hf2 Os1 Se4,0
Hg2 Os1 Se4,0
Ho2 Os1 Se4,0
In2 Os1 Se4,0
Os1 Ir2 Se4,0
K2 Os1 Se4,0
La2 Os1 Se4,0
Li2 Os1 Se4,0
Lu2 Os1 Se4,0
Mg2 Os1 Se4,0
Mn2 Os1 Se4,0
Mo2 Os1 Se4,0
Na2 Os1 Se4,0
Nb2 Os1 Se4,0
Nd2 Os1 Se4,0
Ni2 Os1 Se4,0
Os3 Se4,0
P2 Os1 Se4,0
Os1 Pb2 Se4,0
Os1 Pd2 Se4,0
Pr2 Os1 Se4,0
Os1 Pt2 Se4,0
Rb2 Os1 Se4,0
Re2 Os1 Se4,0
Os1 Rh2 Se4,0
Os1 Ru2 Se4,0
Sb2 Os1 Se4,0
Sc2 Os1 Se4,0
Si2 Os1 Se4,0
Sm2 Os1 Se4,0
Sn2 Os1 Se4,0
Sr2 Os1 Se4,0
Ta2 Os1 Se4,0
Tb2 Os1 Se4,0
Tc2 Os1 Se4,0
Te2 Os1 Se4,0
Ti2 Os1 Se4,0
Tl2 Os1 Se4,0
Tm2 Os1 Se4,0
V2 Os1 Se4,0
Os1 W2 Se4,0
Y2 Os1 Se4,0
Yb2 Os1 Se4,0
Zn2 Os1 Se4,0
Zr2 Os1 Se4,0
Ag2 P1 Se4,0
Al2 P1 Se4,0
As2 P1 Se4,0
P1 Au2 Se4,0
B2 P1 Se4,0
Ba2 P1 Se4,0
Be2 P1 Se4,0
Bi2 P1 Se4,0
Ca2 P1 Se4,0
Cd2 P1 Se4,0
Ce2 P1 Se4,0
Co2 P1 Se4,0
Cr2 P1 Se4,0
Cu2 P1 Se4,0
Dy2 P1 Se4,0
Er2 P1 Se4,0
Eu2 P1 Se4,0
Fe2 P1 Se4,0
Ga2 P1 Se4,0
Gd2 P1 Se4,0
Ge2 P1 Se4,0
Hf2 P1 Se4,0
Hg2 P1 Se4,0
Ho2 P1 Se4,0
In2 P1 Se4,0
P1 Ir2 Se4,0
La2 P1 Se4,0
Lu2 P1 Se4,0
Mg2 P1 Se4,0
Mn2 P1 Se4,0
Mo2 P1 Se4,0
Nb2 P1 Se4,0
Nd2 P1 Se4,0
Ni2 P1 Se4,0
P1 Os2 Se4,0
P3 Se4,0
P1 Pb2 Se4,0
P1 Pd2 Se4,0
Pr2 P1 Se4,0
P1 Pt2 Se4,0
Re2 P1 Se4,0
P1 Rh2 Se4,0
P1 Ru2 Se4,0
Sb2 P1 Se4,0
Sc2 P1 Se4,0
Si2 P1 Se4,0
Sm2 P1 Se4,0
Sn2 P1 Se4,0
Sr2 P1 Se4,0
Ta2 P1 Se4,0
Tb2 P1 Se4,0
Tc2 P1 Se4,0
Te2 P1 Se4,0
Ti2 P1 Se4,0
Tl2 P1 Se4,0
Tm2 P1 Se4,0
V2 P1 Se4,0
P1 W2 Se4,0
Y2 P1 Se4,0
Yb2 P1 Se4,0
Zn2 P1 Se4,0
Zr2 P1 Se4,0
Ag2 Pb1 Se4,0
Al2 Pb1 Se4,0
As2 Pb1 Se4,0
Pb1 Au2 Se4,0
B2 Pb1 Se4,0
Ba2 Pb1 Se4,0
Be2 Pb1 Se4,0
Bi2 Pb1 Se4,0
Ca2 Pb1 Se4,0
Cd2 Pb1 Se4,0
Ce2 Pb1 Se4,0
Co2 Pb1 Se4,0
Cr2 Pb1 Se4,0
Cu2 Pb1 Se4,0
Dy2 Pb1 Se4,0
Er2 Pb1 Se4,0
Eu2 Pb1 Se4,0
Fe2 Pb1 Se4,0
Ga2 Pb1 Se4,0
Gd2 Pb1 Se4,0
Ge2 Pb1 Se4,0
Hf2 Pb1 Se4,0
Hg2 Pb1 Se4,0
Ho2 Pb1 Se4,0
In2 Pb1 Se4,0
Ir2 Pb1 Se4,0
La2 Pb1 Se4,0
Lu2 Pb1 Se4,0
Mg2 Pb1 Se4,0
Mn2 Pb1 Se4,0
Mo2 Pb1 Se4,0
Nb2 Pb1 Se4,0
Nd2 Pb1 Se4,0
Ni2 Pb1 Se4,0
Os2 Pb1 Se4,0
P2 Pb1 Se4,0
Pb3 Se4,0
Pd2 Pb1 Se4,0
Pr2 Pb1 Se4,0
Pt2 Pb1 Se4,0
Re2 Pb1 Se4,0
Rh2 Pb1 Se4,0
Ru2 Pb1 Se4,0
Sb2 Pb1 Se4,0
Sc2 Pb1 Se4,0
Si2 Pb1 Se4,0
Sm2 Pb1 Se4,0
Sn2 Pb1 Se4,0
Sr2 Pb1 Se4,0
Ta2 Pb1 Se4,0
Tb2 Pb1 Se4,0
Tc2 Pb1 Se4,0
Te2 Pb1 Se4,0
Ti2 Pb1 Se4,0
Tl2 Pb1 Se4,0
Tm2 Pb1 Se4,0
V2 Pb1 Se4,0
Pb1 W2 Se4,0
Y2 Pb1 Se4,0
Yb2 Pb1 Se4,0
Zn2 Pb1 Se4,0
Zr2 Pb1 Se4,0
Ag2 Pd1 Se4,0
Al2 Pd1 Se4,0
As2 Pd1 Se4,0
Pd1 Au2 Se4,0
B2 Pd1 Se4,0
Ba2 Pd1 Se4,0
Be2 Pd1 Se4,0
Bi2 Pd1 Se4,0
Ca2 Pd1 Se4,0
Cd2 Pd1 Se4,0
Ce2 Pd1 Se4,0
Co2 Pd1 Se4,0
Cr2 Pd1 Se4,0
Cu2 Pd1 Se4,0
Dy2 Pd1 Se4,0
Er2 Pd1 Se4,0
Eu2 Pd1 Se4,0
Fe2 Pd1 Se4,0
Ga2 Pd1 Se4,0
Gd2 Pd1 Se4,0
Ge2 Pd1 Se4,0
Hf2 Pd1 Se4,0
Hg2 Pd1 Se4,0
Ho2 Pd1 Se4,0
In2 Pd1 Se4,0
Pd1 Ir2 Se4,0
La2 Pd1 Se4,0
Lu2 Pd1 Se4,0
Mg2 Pd1 Se4,0
Mn2 Pd1 Se4,0
Mo2 Pd1 Se4,0
Nb2 Pd1 Se4,0
Nd2 Pd1 Se4,0
Ni2 Pd1 Se4,0
Pd1 Os2 Se4,0
P2 Pd1 Se4,0
Pd1 Pb2 Se4,0
Pd3 Se4,0
Pr2 Pd1 Se4,0
Pd1 Pt2 Se4,0
Re2 Pd1 Se4,0
Pd1 Rh2 Se4,0
Pd1 Ru2 Se4,0
Sb2 Pd1 Se4,0
Sc2 Pd1 Se4,0
Si2 Pd1 Se4,0
Sm2 Pd1 Se4,0
Sn2 Pd1 Se4,0
Sr2 Pd1 Se4,0
Ta2 Pd1 Se4,0
Tb2 Pd1 Se4,0
Tc2 Pd1 Se4,0
Te2 Pd1 Se4,0
Ti2 Pd1 Se4,0
Tl2 Pd1 Se4,0
Tm2 Pd1 Se4,0
V2 Pd1 Se4,0
Pd1 W2 Se4,0
Y2 Pd1 Se4,0
Yb2 Pd1 Se4,0
Zn2 Pd1 Se4,0
Zr2 Pd1 Se4,0
Pr1 Ag2 Se4,0
Pr1 Al2 Se4,0
Pr1 As2 Se4,0
Pr1 Au2 Se4,0
Pr1 B2 Se4,0
Ba2 Pr1 Se4,0
Pr1 Be2 Se4,0
Pr1 Bi2 Se4,0
Ca2 Pr1 Se4,0
Pr1 Cd2 Se4,0
Ce2 Pr1 Se4,0
Pr1 Co2 Se4,0
Pr1 Cr2 Se4,0
Pr1 Cu2 Se4,0
Pr1 Dy2 Se4,0
Pr1 Er2 Se4,0
Pr1 Eu2 Se4,0
Pr1 Fe2 Se4,0
Pr1 Ga2 Se4,0
Pr1 Gd2 Se4,0
Pr1 Ge2 Se4,0
Pr1 Hf2 Se4,0
Pr1 Hg2 Se4,0
Pr1 Ho2 Se4,0
Pr1 In2 Se4,0
Pr1 Ir2 Se4,0
La2 Pr1 Se4,0
Pr1 Lu2 Se4,0
Pr1 Mg2 Se4,0
Pr1 Mn2 Se4,0
Pr1 Mo2 Se4,0
Pr1 Nb2 Se4,0
Pr1 Nd2 Se4,0
Pr1 Ni2 Se4,0
Pr1 Os2 Se4,0
Pr1 P2 Se4,0
Pr1 Pb2 Se4,0
Pr1 Pd2 Se4,0
Pr3 Se4,0
Pr1 Pt2 Se4,0
Pr1 Re2 Se4,0
Pr1 Rh2 Se4,0
Pr1 Ru2 Se4,0
Pr1 Sb2 Se4,0
Pr1 Sc2 Se4,0
Pr1 Si2 Se4,0
Pr1 Sm2 Se4,0
Pr1 Sn2 Se4,0
Sr2 Pr1 Se4,0
Pr1 Ta2 Se4,0
Tb2 Pr1 Se4,0
Pr1 Tc2 Se4,0
Pr1 Te2 Se4,0
Pr1 Ti2 Se4,0
Pr1 Tl2 Se4,0
Pr1 Tm2 Se4,0
Pr1 V2 Se4,0
Pr1 W2 Se4,0
Pr1 Y2 Se4,0
Yb2 Pr1 Se4,0
Pr1 Zn2 Se4,0
Pr1 Zr2 Se4,0
Ag2 Pt1 Se4,0
Al2 Pt1 Se4,0
As2 Pt1 Se4,0
Pt1 Au2 Se4,0
B2 Pt1 Se4,0
Ba2 Pt1 Se4,0
Be2 Pt1 Se4,0
Bi2 Pt1 Se4,0
Ca2 Pt1 Se4,0
Cd2 Pt1 Se4,0
Ce2 Pt1 Se4,0
Co2 Pt1 Se4,0
Cr2 Pt1 Se4,0
Cs2 Pt1 Se4,0
Cu2 Pt1 Se4,0
Dy2 Pt1 Se4,0
Er2 Pt1 Se4,0
Eu2 Pt1 Se4,0
Fe2 Pt1 Se4,0
Ga2 Pt1 Se4,0
Gd2 Pt1 Se4,0
Ge2 Pt1 Se4,0
H2 Pt1 Se4,0
Hf2 Pt1 Se4,0
Hg2 Pt1 Se4,0
Ho2 Pt1 Se4,0
In2 Pt1 Se4,0
Ir2 Pt1 Se4,0
K2 Pt1 Se4,0
La2 Pt1 Se4,0
Li2 Pt1 Se4,0
Lu2 Pt1 Se4,0
Mg2 Pt1 Se4,0
Mn2 Pt1 Se4,0
Mo2 Pt1 Se4,0
Na2 Pt1 Se4,0
Nb2 Pt1 Se4,0
Nd2 Pt1 Se4,0
Ni2 Pt1 Se4,0
Os2 Pt1 Se4,0
P2 Pt1 Se4,0
Pt1 Pb2 Se4,0
Pd2 Pt1 Se4,0
Pr2 Pt1 Se4,0
Pt3 Se4,0
Rb2 Pt1 Se4,0
Re2 Pt1 Se4,0
Pt1 Rh2 Se4,0
Ru2 Pt1 Se4,0
Sb2 Pt1 Se4,0
Sc2 Pt1 Se4,0
Si2 Pt1 Se4,0
Sm2 Pt1 Se4,0
Sn2 Pt1 Se4,0
Sr2 Pt1 Se4,0
Ta2 Pt1 Se4,0
Tb2 Pt1 Se4,0
Tc2 Pt1 Se4,0
Te2 Pt1 Se4,0
Ti2 Pt1 Se4,0
Tl2 Pt1 Se4,0
Tm2 Pt1 Se4,0
V2 Pt1 Se4,0
Pt1 W2 Se4,0
Y2 Pt1 Se4,0
Yb2 Pt1 Se4,0
Zn2 Pt1 Se4,0
Zr2 Pt1 Se4,0
Rb1 As2 Se4,0
Rb1 Au2 Se4,0
Rb1 Bi2 Se4,0
Rb1 Ce2 Se4,0
Rb1 Co2 Se4,0
Rb1 Cr2 Se4,0
Rb1 Cu2 Se4,0
Rb1 Dy2 Se4,0
Rb1 Er2 Se4,0
Rb1 Eu2 Se4,0
Rb1 Fe2 Se4,0
Rb1 Ga2 Se4,0
Rb1 Gd2 Se4,0
Rb1 Ge2 Se4,0
Rb1 Hf2 Se4,0
Rb1 Ir2 Se4,0
Rb1 La2 Se4,0
Rb1 Mn2 Se4,0
Rb1 Mo2 Se4,0
Rb1 Nb2 Se4,0
Rb1 Nd2 Se4,0
Rb1 Ni2 Se4,0
Rb1 Os2 Se4,0
Rb1 P2 Se4,0
Rb1 Pb2 Se4,0
Rb1 Pd2 Se4,0
Rb1 Pr2 Se4,0
Rb1 Pt2 Se4,0
Rb1 Re2 Se4,0
Rb1 Rh2 Se4,0
Rb1 Ru2 Se4,0
Rb1 Sb2 Se4,0
Rb1 Si2 Se4,0
Rb1 Sm2 Se4,0
Rb1 Sn2 Se4,0
Rb1 Ta2 Se4,0
Rb1 Tb2 Se4,0
Rb1 Tc2 Se4,0
Rb1 Te2 Se4,0
Rb1 Ti2 Se4,0
Rb1 V2 Se4,0
Rb1 W2 Se4,0
Rb1 Y2 Se4,0
Rb1 Yb2 Se4,0
Rb1 Zn2 Se4,0
Rb1 Zr2 Se4,0
Re1 Ag2 Se4,0
Al2 Re1 Se4,0
Re1 As2 Se4,0
Re1 Au2 Se4,0
Re1 B2 Se4,0
Ba2 Re1 Se4,0
Be2 Re1 Se4,0
Re1 Bi2 Se4,0
Ca2 Re1 Se4,0
Cd2 Re1 Se4,0
Ce2 Re1 Se4,0
Co2 Re1 Se4,0
Cr2 Re1 Se4,0
Cs2 Re1 Se4,0
Re1 Cu2 Se4,0
Dy2 Re1 Se4,0
Er2 Re1 Se4,0
Eu2 Re1 Se4,0
Fe2 Re1 Se4,0
Ga2 Re1 Se4,0
Gd2 Re1 Se4,0
Re1 Ge2 Se4,0
Re1 H2 Se4,0
Hf2 Re1 Se4,0
Re1 Hg2 Se4,0
Ho2 Re1 Se4,0
In2 Re1 Se4,0
Re1 Ir2 Se4,0
K2 Re1 Se4,0
La2 Re1 Se4,0
Li2 Re1 Se4,0
Lu2 Re1 Se4,0
Mg2 Re1 Se4,0
Mn2 Re1 Se4,0
Re1 Mo2 Se4,0
Na2 Re1 Se4,0
Nb2 Re1 Se4,0
Nd2 Re1 Se4,0
Re1 Ni2 Se4,0
Re1 Os2 Se4,0
Re1 P2 Se4,0
Re1 Pb2 Se4,0
Re1 Pd2 Se4,0
Pr2 Re1 Se4,0
Re1 Pt2 Se4,0
Rb2 Re1 Se4,0
Re3 Se4,0
Re1 Rh2 Se4,0
Re1 Ru2 Se4,0
Re1 Sb2 Se4,0
Sc2 Re1 Se4,0
Re1 Si2 Se4,0
Sm2 Re1 Se4,0
Re1 Sn2 Se4,0
Sr2 Re1 Se4,0
Ta2 Re1 Se4,0
Tb2 Re1 Se4,0
Re1 Tc2 Se4,0
Re1 Te2 Se4,0
Ti2 Re1 Se4,0
Tl2 Re1 Se4,0
Tm2 Re1 Se4,0
V2 Re1 Se4,0
Re1 W2 Se4,0
Y2 Re1 Se4,0
Yb2 Re1 Se4,0
Zn2 Re1 Se4,0
Zr2 Re1 Se4,0
Ag2 Rh1 Se4,0
Al2 Rh1 Se4,0
As2 Rh1 Se4,0
Rh1 Au2 Se4,0
B2 Rh1 Se4,0
Ba2 Rh1 Se4,0
Be2 Rh1 Se4,0
Bi2 Rh1 Se4,0
Ca2 Rh1 Se4,0
Cd2 Rh1 Se4,0
Ce2 Rh1 Se4,0
Co2 Rh1 Se4,0
Cr2 Rh1 Se4,0
Cu2 Rh1 Se4,0
Dy2 Rh1 Se4,0
Er2 Rh1 Se4,0
Eu2 Rh1 Se4,0
Fe2 Rh1 Se4,0
Ga2 Rh1 Se4,0
Gd2 Rh1 Se4,0
Ge2 Rh1 Se4,0
Hf2 Rh1 Se4,0
Hg2 Rh1 Se4,0
Ho2 Rh1 Se4,0
In2 Rh1 Se4,0
Ir2 Rh1 Se4,0
La2 Rh1 Se4,0
Lu2 Rh1 Se4,0
Mg2 Rh1 Se4,0
Mn2 Rh1 Se4,0
Mo2 Rh1 Se4,0
Nb2 Rh1 Se4,0
Nd2 Rh1 Se4,0
Ni2 Rh1 Se4,0
Os2 Rh1 Se4,0
P2 Rh1 Se4,0
Rh1 Pb2 Se4,0
Pd2 Rh1 Se4,0
Pr2 Rh1 Se4,0
Rh1 Pt2 Se4,0
Re2 Rh1 Se4,0
Rh3 Se4,0
Ru2 Rh1 Se4,0
Sb2 Rh1 Se4,0
Sc2 Rh1 Se4,0
Si2 Rh1 Se4,0
Sm2 Rh1 Se4,0
Sn2 Rh1 Se4,0
Sr2 Rh1 Se4,0
Ta2 Rh1 Se4,0
Tb2 Rh1 Se4,0
Tc2 Rh1 Se4,0
Te2 Rh1 Se4,0
Ti2 Rh1 Se4,0
Tl2 Rh1 Se4,0
Tm2 Rh1 Se4,0
V2 Rh1 Se4,0
Rh1 W2 Se4,0
Y2 Rh1 Se4,0
Yb2 Rh1 Se4,0
Zn2 Rh1 Se4,0
Zr2 Rh1 Se4,0
Ag2 Ru1 Se4,0
Al2 Ru1 Se4,0
As2 Ru1 Se4,0
Ru1 Au2 Se4,0
B2 Ru1 Se4,0
Ba2 Ru1 Se4,0
Be2 Ru1 Se4,0
Bi2 Ru1 Se4,0
Ca2 Ru1 Se4,0
Cd2 Ru1 Se4,0
Ce2 Ru1 Se4,0
Co2 Ru1 Se4,0
Cr2 Ru1 Se4,0
Cs2 Ru1 Se4,0
Cu2 Ru1 Se4,0
Dy2 Ru1 Se4,0
Er2 Ru1 Se4,0
Eu2 Ru1 Se4,0
Fe2 Ru1 Se4,0
Ga2 Ru1 Se4,0
Gd2 Ru1 Se4,0
Ge2 Ru1 Se4,0
Ru1 H2 Se4,0
Hf2 Ru1 Se4,0
Hg2 Ru1 Se4,0
Ho2 Ru1 Se4,0
In2 Ru1 Se4,0
Ru1 Ir2 Se4,0
K2 Ru1 Se4,0
La2 Ru1 Se4,0
Li2 Ru1 Se4,0
Lu2 Ru1 Se4,0
Mg2 Ru1 Se4,0
Mn2 Ru1 Se4,0
Mo2 Ru1 Se4,0
Na2 Ru1 Se4,0
Nb2 Ru1 Se4,0
Nd2 Ru1 Se4,0
Ni2 Ru1 Se4,0
Ru1 Os2 Se4,0
P2 Ru1 Se4,0
Ru1 Pb2 Se4,0
Ru1 Pd2 Se4,0
Pr2 Ru1 Se4,0
Ru1 Pt2 Se4,0
Rb2 Ru1 Se4,0
Re2 Ru1 Se4,0
Ru1 Rh2 Se4,0
Ru3 Se4,0
Sb2 Ru1 Se4,0
Sc2 Ru1 Se4,0
Si2 Ru1 Se4,0
Sm2 Ru1 Se4,0
Sn2 Ru1 Se4,0
Sr2 Ru1 Se4,0
Ta2 Ru1 Se4,0
Tb2 Ru1 Se4,0
Tc2 Ru1 Se4,0
Te2 Ru1 Se4,0
Ti2 Ru1 Se4,0
Tl2 Ru1 Se4,0
Tm2 Ru1 Se4,0
V2 Ru1 Se4,0
Ru1 W2 Se4,0
Y2 Ru1 Se4,0
Yb2 Ru1 Se4,0
Zn2 Ru1 Se4,0
Zr2 Ru1 Se4,0
Ag2 Sb1 Se4,0
Al2 Sb1 Se4,0
Sb1 As2 Se4,0
Sb1 Au2 Se4,0
B2 Sb1 Se4,0
Ba2 Sb1 Se4,0
Be2 Sb1 Se4,0
Bi2 Sb1 Se4,0
Ca2 Sb1 Se4,0
Cd2 Sb1 Se4,0
Ce2 Sb1 Se4,0
Co2 Sb1 Se4,0
Cr2 Sb1 Se4,0
Cu2 Sb1 Se4,0
Dy2 Sb1 Se4,0
Er2 Sb1 Se4,0
Eu2 Sb1 Se4,0
Fe2 Sb1 Se4,0
Ga2 Sb1 Se4,0
Gd2 Sb1 Se4,0
Ge2 Sb1 Se4,0
Hf2 Sb1 Se4,0
Hg2 Sb1 Se4,0
Ho2 Sb1 Se4,0
In2 Sb1 Se4,0
Sb1 Ir2 Se4,0
La2 Sb1 Se4,0
Lu2 Sb1 Se4,0
Mg2 Sb1 Se4,0
Mn2 Sb1 Se4,0
Sb1 Mo2 Se4,0
Nb2 Sb1 Se4,0
Nd2 Sb1 Se4,0
Ni2 Sb1 Se4,0
Sb1 Os2 Se4,0
Sb1 P2 Se4,0
Sb1 Pb2 Se4,0
Sb1 Pd2 Se4,0
Pr2 Sb1 Se4,0
Sb1 Pt2 Se4,0
Re2 Sb1 Se4,0
Sb1 Rh2 Se4,0
Sb1 Ru2 Se4,0
Sb3 Se4,0
Sc2 Sb1 Se4,0
Si2 Sb1 Se4,0
Sm2 Sb1 Se4,0
Sn2 Sb1 Se4,0
Sr2 Sb1 Se4,0
Ta2 Sb1 Se4,0
Tb2 Sb1 Se4,0
Tc2 Sb1 Se4,0
Sb1 Te2 Se4,0
Ti2 Sb1 Se4,0
Tl2 Sb1 Se4,0
Tm2 Sb1 Se4,0
V2 Sb1 Se4,0
Sb1 W2 Se4,0
Y2 Sb1 Se4,0
Yb2 Sb1 Se4,0
Zn2 Sb1 Se4,0
Zr2 Sb1 Se4,0
Sc1 Ag2 Se4,0
Sc1 Al2 Se4,0
Sc1 As2 Se4,0
Sc1 Au2 Se4,0
Sc1 B2 Se4,0
Sc1 Bi2 Se4,0
Ce2 Sc1 Se4,0
Sc1 Co2 Se4,0
Sc1 Cr2 Se4,0
Sc1 Cu2 Se4,0
Dy2 Sc1 Se4,0
Er2 Sc1 Se4,0
Eu2 Sc1 Se4,0
Sc1 Fe2 Se4,0
Sc1 Ga2 Se4,0
Gd2 Sc1 Se4,0
Sc1 Ge2 Se4,0
Hf2 Sc1 Se4,0
Ho2 Sc1 Se4,0
Sc1 In2 Se4,0
Sc1 Ir2 Se4,0
La2 Sc1 Se4,0
Lu2 Sc1 Se4,0
Sc1 Mn2 Se4,0
Sc1 Mo2 Se4,0
Sc1 Nb2 Se4,0
Nd2 Sc1 Se4,0
Sc1 Ni2 Se4,0
Sc1 Os2 Se4,0
Sc1 P2 Se4,0
Sc1 Pb2 Se4,0
Sc1 Pd2 Se4,0
Pr2 Sc1 Se4,0
Sc1 Pt2 Se4,0
Sc1 Re2 Se4,0
Sc1 Rh2 Se4,0
Sc1 Ru2 Se4,0
Sc1 Sb2 Se4,0
Sc3 Se4,0
Sc1 Si2 Se4,0
Sm2 Sc1 Se4,0
Sc1 Sn2 Se4,0
Sr2 Sc1 Se4,0
Sc1 Ta2 Se4,0
Tb2 Sc1 Se4,0
Sc1 Tc2 Se4,0
Sc1 Te2 Se4,0
Sc1 Ti2 Se4,0
Sc1 Tl2 Se4,0
Tm2 Sc1 Se4,0
Sc1 V2 Se4,0
Sc1 W2 Se4,0
Y2 Sc1 Se4,0
Yb2 Sc1 Se4,0
Sc1 Zn2 Se4,0
Zr2 Sc1 Se4,0
Si1 Ag2 Se4,0
Al2 Si1 Se4,0
Si1 As2 Se4,0
Si1 Au2 Se4,0
Si1 B2 Se4,0
Ba2 Si1 Se4,0
Be2 Si1 Se4,0
Si1 Bi2 Se4,0
Ca2 Si1 Se4,0
Cd2 Si1 Se4,0
Ce2 Si1 Se4,0
Co2 Si1 Se4,0
Cr2 Si1 Se4,0
Si1 Cu2 Se4,0
Dy2 Si1 Se4,0
Er2 Si1 Se4,0
Eu2 Si1 Se4,0
Fe2 Si1 Se4,0
Ga2 Si1 Se4,0
Gd2 Si1 Se4,0
Si1 Ge2 Se4,0
Hf2 Si1 Se4,0
Si1 Hg2 Se4,0
Ho2 Si1 Se4,0
In2 Si1 Se4,0
Si1 Ir2 Se4,0
La2 Si1 Se4,0
Lu2 Si1 Se4,0
Mg2 Si1 Se4,0
Mn2 Si1 Se4,0
Si1 Mo2 Se4,0
Nb2 Si1 Se4,0
Nd2 Si1 Se4,0
Si1 Ni2 Se4,0
Si1 Os2 Se4,0
Si1 P2 Se4,0
Si1 Pb2 Se4,0
Si1 Pd2 Se4,0
Pr2 Si1 Se4,0
Si1 Pt2 Se4,0
Si1 Re2 Se4,0
Si1 Rh2 Se4,0
Si1 Ru2 Se4,0
Si1 Sb2 Se4,0
Sc2 Si1 Se4,0
Si3 Se4,0
Sm2 Si1 Se4,0
Si1 Sn2 Se4,0
Sr2 Si1 Se4,0
Ta2 Si1 Se4,0
Tb2 Si1 Se4,0
Si1 Tc2 Se4,0
Si1 Te2 Se4,0
Ti2 Si1 Se4,0
Tl2 Si1 Se4,0
Tm2 Si1 Se4,0
V2 Si1 Se4,0
Si1 W2 Se4,0
Y2 Si1 Se4,0
Yb2 Si1 Se4,0
Zn2 Si1 Se4,0
Zr2 Si1 Se4,0
Sm1 Ag2 Se4,0
Sm1 Al2 Se4,0
Sm1 As2 Se4,0
Sm1 Au2 Se4,0
Sm1 B2 Se4,0
Ba2 Sm1 Se4,0
Sm1 Be2 Se4,0
Sm1 Bi2 Se4,0
Ca2 Sm1 Se4,0
Sm1 Cd2 Se4,0
Ce2 Sm1 Se4,0
Sm1 Co2 Se4,0
Sm1 Cr2 Se4,0
Sm1 Cu2 Se4,0
Sm1 Dy2 Se4,0
Sm1 Er2 Se4,0
Sm1 Eu2 Se4,0
Sm1 Fe2 Se4,0
Sm1 Ga2 Se4,0
Sm1 Gd2 Se4,0
Sm1 Ge2 Se4,0
Sm1 Hf2 Se4,0
Sm1 Hg2 Se4,0
Sm1 Ho2 Se4,0
Sm1 In2 Se4,0
Sm1 Ir2 Se4,0
La2 Sm1 Se4,0
Sm1 Lu2 Se4,0
Sm1 Mg2 Se4,0
Sm1 Mn2 Se4,0
Sm1 Mo2 Se4,0
Sm1 Nb2 Se4,0
Nd2 Sm1 Se4,0
Sm1 Ni2 Se4,0
Sm1 Os2 Se4,0
Sm1 P2 Se4,0
Sm1 Pb2 Se4,0
Sm1 Pd2 Se4,0
Pr2 Sm1 Se4,0
Sm1 Pt2 Se4,0
Sm1 Re2 Se4,0
Sm1 Rh2 Se4,0
Sm1 Ru2 Se4,0
Sm1 Sb2 Se4,0
Sm1 Sc2 Se4,0
Sm1 Si2 Se4,0
Sm3 Se4,0
Sm1 Sn2 Se4,0
Sr2 Sm1 Se4,0
Sm1 Ta2 Se4,0
Tb2 Sm1 Se4,0
Sm1 Tc2 Se4,0
Sm1 Te2 Se4,0
Sm1 Ti2 Se4,0
Sm1 Tl2 Se4,0
Sm1 Tm2 Se4,0
Sm1 V2 Se4,0
Sm1 W2 Se4,0
Sm1 Y2 Se4,0
Yb2 Sm1 Se4,0
Sm1 Zn2 Se4,0
Sm1 Zr2 Se4,0
Ag2 Sn1 Se4,0
Al2 Sn1 Se4,0
Sn1 As2 Se4,0
Sn1 Au2 Se4,0
Sn1 B2 Se4,0
Ba2 Sn1 Se4,0
Be2 Sn1 Se4,0
Sn1 Bi2 Se4,0
Ca2 Sn1 Se4,0
Cd2 Sn1 Se4,0
Ce2 Sn1 Se4,0
Co2 Sn1 Se4,0
Cr2 Sn1 Se4,0
Cu2 Sn1 Se4,0
Dy2 Sn1 Se4,0
Er2 Sn1 Se4,0
Eu2 Sn1 Se4,0
Fe2 Sn1 Se4,0
Ga2 Sn1 Se4,0
Gd2 Sn1 Se4,0
Sn1 Ge2 Se4,0
Hf2 Sn1 Se4,0
Sn1 Hg2 Se4,0
Ho2 Sn1 Se4,0
In2 Sn1 Se4,0
Sn1 Ir2 Se4,0
La2 Sn1 Se4,0
Lu2 Sn1 Se4,0
Mg2 Sn1 Se4,0
Mn2 Sn1 Se4,0
Sn1 Mo2 Se4,0
Nb2 Sn1 Se4,0
Nd2 Sn1 Se4,0
Ni2 Sn1 Se4,0
Sn1 Os2 Se4,0
Sn1 P2 Se4,0
Sn1 Pb2 Se4,0
Sn1 Pd2 Se4,0
Pr2 Sn1 Se4,0
Sn1 Pt2 Se4,0
Re2 Sn1 Se4,0
Sn1 Rh2 Se4,0
Sn1 Ru2 Se4,0
Sn1 Sb2 Se4,0
Sc2 Sn1 Se4,0
Si2 Sn1 Se4,0
Sm2 Sn1 Se4,0
Sn3 Se4,0
Sr2 Sn1 Se4,0
Ta2 Sn1 Se4,0
Tb2 Sn1 Se4,0
Tc2 Sn1 Se4,0
Sn1 Te2 Se4,0
Ti2 Sn1 Se4,0
Tl2 Sn1 Se4,0
Tm2 Sn1 Se4,0
V2 Sn1 Se4,0
Sn1 W2 Se4,0
Y2 Sn1 Se4,0
Yb2 Sn1 Se4,0
Zn2 Sn1 Se4,0
Zr2 Sn1 Se4,0
Sr1 Ag2 Se4,0
Sr1 Al2 Se4,0
Sr1 As2 Se4,0
Sr1 Au2 Se4,0
Sr1 B2 Se4,0
Ba2 Sr1 Se4,0
Sr1 Be2 Se4,0
Sr1 Bi2 Se4,0
Sr1 Ca2 Se4,0
Sr1 Cd2 Se4,0
Sr1 Ce2 Se4,0
Sr1 Co2 Se4,0
Sr1 Cr2 Se4,0
Sr1 Cu2 Se4,0
Sr1 Dy2 Se4,0
Sr1 Er2 Se4,0
Sr1 Eu2 Se4,0
Sr1 Fe2 Se4,0
Sr1 Ga2 Se4,0
Sr1 Gd2 Se4,0
Sr1 Ge2 Se4,0
Sr1 Hf2 Se4,0
Sr1 Hg2 Se4,0
Sr1 Ho2 Se4,0
Sr1 In2 Se4,0
Sr1 Ir2 Se4,0
Sr1 La2 Se4,0
Sr1 Lu2 Se4,0
Sr1 Mg2 Se4,0
Sr1 Mn2 Se4,0
Sr1 Mo2 Se4,0
Sr1 Nb2 Se4,0
Sr1 Nd2 Se4,0
Sr1 Ni2 Se4,0
Sr1 Os2 Se4,0
Sr1 P2 Se4,0
Sr1 Pb2 Se4,0
Sr1 Pd2 Se4,0
Sr1 Pr2 Se4,0
Sr1 Pt2 Se4,0
Sr1 Re2 Se4,0
Sr1 Rh2 Se4,0
Sr1 Ru2 Se4,0
Sr1 Sb2 Se4,0
Sr1 Sc2 Se4,0
Sr1 Si2 Se4,0
Sr1 Sm2 Se4,0
Sr1 Sn2 Se4,0
Sr3 Se4,0
Sr1 Ta2 Se4,0
Sr1 Tb2 Se4,0
Sr1 Tc2 Se4,0
Sr1 Te2 Se4,0
Sr1 Ti2 Se4,0
Sr1 Tl2 Se4,0
Sr1 Tm2 Se4,0
Sr1 V2 Se4,0
Sr1 W2 Se4,0
Sr1 Y2 Se4,0
Sr1 Yb2 Se4,0
Sr1 Zn2 Se4,0
Sr1 Zr2 Se4,0
Ta1 Ag2 Se4,0
Ta1 Al2 Se4,0
Ta1 As2 Se4,0
Ta1 Au2 Se4,0
Ta1 B2 Se4,0
Ba2 Ta1 Se4,0
Ta1 Be2 Se4,0
Ta1 Bi2 Se4,0
Ca2 Ta1 Se4,0
Ta1 Cd2 Se4,0
Ce2 Ta1 Se4,0
Ta1 Co2 Se4,0
Ta1 Cr2 Se4,0
Cs2 Ta1 Se4,0
Ta1 Cu2 Se4,0
Dy2 Ta1 Se4,0
Er2 Ta1 Se4,0
Eu2 Ta1 Se4,0
Ta1 Fe2 Se4,0
Ta1 Ga2 Se4,0
Gd2 Ta1 Se4,0
Ta1 Ge2 Se4,0
Ta1 H2 Se4,0
Hf2 Ta1 Se4,0
Ta1 Hg2 Se4,0
Ho2 Ta1 Se4,0
Ta1 In2 Se4,0
Ta1 Ir2 Se4,0
K2 Ta1 Se4,0
La2 Ta1 Se4,0
Li2 Ta1 Se4,0
Lu2 Ta1 Se4,0
Mg2 Ta1 Se4,0
Ta1 Mn2 Se4,0
Ta1 Mo2 Se4,0
Na2 Ta1 Se4,0
Ta1 Nb2 Se4,0
Nd2 Ta1 Se4,0
Ta1 Ni2 Se4,0
Ta1 Os2 Se4,0
Ta1 P2 Se4,0
Ta1 Pb2 Se4,0
Ta1 Pd2 Se4,0
Pr2 Ta1 Se4,0
Ta1 Pt2 Se4,0
Rb2 Ta1 Se4,0
Ta1 Re2 Se4,0
Ta1 Rh2 Se4,0
Ta1 Ru2 Se4,0
Ta1 Sb2 Se4,0
Sc2 Ta1 Se4,0
Ta1 Si2 Se4,0
Sm2 Ta1 Se4,0
Ta1 Sn2 Se4,0
Sr2 Ta1 Se4,0
Ta3 Se4,0
Tb2 Ta1 Se4,0
Ta1 Tc2 Se4,0
Ta1 Te2 Se4,0
Ta1 Ti2 Se4,0
Ta1 Tl2 Se4,0
Tm2 Ta1 Se4,0
Ta1 V2 Se4,0
Ta1 W2 Se4,0
Y2 Ta1 Se4,0
Yb2 Ta1 Se4,0
Ta1 Zn2 Se4,0
Zr2 Ta1 Se4,0
Tb1 Ag2 Se4,0
Tb1 Al2 Se4,0
Tb1 As2 Se4,0
Tb1 Au2 Se4,0
Tb1 B2 Se4,0
Ba2 Tb1 Se4,0
Tb1 Be2 Se4,0
Tb1 Bi2 Se4,0
Ca2 Tb1 Se4,0
Tb1 Cd2 Se4,0
Tb1 Ce2 Se4,0
Tb1 Co2 Se4,0
Tb1 Cr2 Se4,0
Tb1 Cu2 Se4,0
Tb1 Dy2 Se4,0
Tb1 Er2 Se4,0
Tb1 Eu2 Se4,0
Tb1 Fe2 Se4,0
Tb1 Ga2 Se4,0
Tb1 Gd2 Se4,0
Tb1 Ge2 Se4,0
Tb1 Hf2 Se4,0
Tb1 Hg2 Se4,0
Tb1 Ho2 Se4,0
Tb1 In2 Se4,0
Tb1 Ir2 Se4,0
Tb1 La2 Se4,0
Tb1 Lu2 Se4,0
Tb1 Mg2 Se4,0
Tb1 Mn2 Se4,0
Tb1 Mo2 Se4,0
Tb1 Nb2 Se4,0
Tb1 Nd2 Se4,0
Tb1 Ni2 Se4,0
Tb1 Os2 Se4,0
Tb1 P2 Se4,0
Tb1 Pb2 Se4,0
Tb1 Pd2 Se4,0
Tb1 Pr2 Se4,0
Tb1 Pt2 Se4,0
Tb1 Re2 Se4,0
Tb1 Rh2 Se4,0
Tb1 Ru2 Se4,0
Tb1 Sb2 Se4,0
Tb1 Sc2 Se4,0
Tb1 Si2 Se4,0
Tb1 Sm2 Se4,0
Tb1 Sn2 Se4,0
Sr2 Tb1 Se4,0
Tb1 Ta2 Se4,0
Tb3 Se4,0
Tb1 Tc2 Se4,0
Tb1 Te2 Se4,0
Tb1 Ti2 Se4,0
Tb1 Tl2 Se4,0
Tb1 Tm2 Se4,0
Tb1 V2 Se4,0
Tb1 W2 Se4,0
Tb1 Y2 Se4,0
Tb1 Yb2 Se4,0
Tb1 Zn2 Se4,0
Tb1 Zr2 Se4,0
Tc1 Ag2 Se4,0
Al2 Tc1 Se4,0
Tc1 As2 Se4,0
Tc1 Au2 Se4,0
Tc1 B2 Se4,0
Ba2 Tc1 Se4,0
Be2 Tc1 Se4,0
Tc1 Bi2 Se4,0
Ca2 Tc1 Se4,0
Cd2 Tc1 Se4,0
Ce2 Tc1 Se4,0
Co2 Tc1 Se4,0
Cr2 Tc1 Se4,0
Cs2 Tc1 Se4,0
Tc1 Cu2 Se4,0
Dy2 Tc1 Se4,0
Er2 Tc1 Se4,0
Eu2 Tc1 Se4,0
Fe2 Tc1 Se4,0
Ga2 Tc1 Se4,0
Gd2 Tc1 Se4,0
Tc1 Ge2 Se4,0
Tc1 H2 Se4,0
Hf2 Tc1 Se4,0
Tc1 Hg2 Se4,0
Ho2 Tc1 Se4,0
In2 Tc1 Se4,0
Tc1 Ir2 Se4,0
K2 Tc1 Se4,0
La2 Tc1 Se4,0
Li2 Tc1 Se4,0
Lu2 Tc1 Se4,0
Mg2 Tc1 Se4,0
Mn2 Tc1 Se4,0
Tc1 Mo2 Se4,0
Na2 Tc1 Se4,0
Nb2 Tc1 Se4,0
Nd2 Tc1 Se4,0
Tc1 Ni2 Se4,0
Tc1 Os2 Se4,0
Tc1 P2 Se4,0
Tc1 Pb2 Se4,0
Tc1 Pd2 Se4,0
Pr2 Tc1 Se4,0
Tc1 Pt2 Se4,0
Rb2 Tc1 Se4,0
Tc1 Re2 Se4,0
Tc1 Rh2 Se4,0
Tc1 Ru2 Se4,0
Tc1 Sb2 Se4,0
Sc2 Tc1 Se4,0
Tc1 Si2 Se4,0
Sm2 Tc1 Se4,0
Tc1 Sn2 Se4,0
Sr2 Tc1 Se4,0
Ta2 Tc1 Se4,0
Tb2 Tc1 Se4,0
Tc3 Se4,0
Tc1 Te2 Se4,0
Ti2 Tc1 Se4,0
Tl2 Tc1 Se4,0
Tm2 Tc1 Se4,0
V2 Tc1 Se4,0
Tc1 W2 Se4,0
Y2 Tc1 Se4,0
Yb2 Tc1 Se4,0
Zn2 Tc1 Se4,0
Zr2 Tc1 Se4,0
Ag2 Te1 Se4,0
Al2 Te1 Se4,0
Te1 As2 Se4,0
Te1 Au2 Se4,0
B2 Te1 Se4,0
Ba2 Te1 Se4,0
Be2 Te1 Se4,0
Bi2 Te1 Se4,0
Ca2 Te1 Se4,0
Cd2 Te1 Se4,0
Ce2 Te1 Se4,0
Co2 Te1 Se4,0
Cr2 Te1 Se4,0
Cs2 Te1 Se4,0
Cu2 Te1 Se4,0
Dy2 Te1 Se4,0
Er2 Te1 Se4,0
Eu2 Te1 Se4,0
Fe2 Te1 Se4,0
Ga2 Te1 Se4,0
Gd2 Te1 Se4,0
Ge2 Te1 Se4,0
Te1 H2 Se4,0
Hf2 Te1 Se4,0
Hg2 Te1 Se4,0
Ho2 Te1 Se4,0
In2 Te1 Se4,0
Te1 Ir2 Se4,0
K2 Te1 Se4,0
La2 Te1 Se4,0
Li2 Te1 Se4,0
Lu2 Te1 Se4,0
Mg2 Te1 Se4,0
Mn2 Te1 Se4,0
Te1 Mo2 Se4,0
Na2 Te1 Se4,0
Nb2 Te1 Se4,0
Nd2 Te1 Se4,0
Ni2 Te1 Se4,0
Te1 Os2 Se4,0
Te1 P2 Se4,0
Te1 Pb2 Se4,0
Te1 Pd2 Se4,0
Pr2 Te1 Se4,0
Te1 Pt2 Se4,0
Rb2 Te1 Se4,0
Re2 Te1 Se4,0
Te1 Rh2 Se4,0
Te1 Ru2 Se4,0
Sb2 Te1 Se4,0
Sc2 Te1 Se4,0
Si2 Te1 Se4,0
Sm2 Te1 Se4,0
Sn2 Te1 Se4,0
Sr2 Te1 Se4,0
Ta2 Te1 Se4,0
Tb2 Te1 Se4,0
Tc2 Te1 Se4,0
Te3 Se4,0
Ti2 Te1 Se4,0
Tl2 Te1 Se4,0
Tm2 Te1 Se4,0
V2 Te1 Se4,0
Te1 W2 Se4,0
Y2 Te1 Se4,0
Yb2 Te1 Se4,0
Zn2 Te1 Se4,0
Zr2 Te1 Se4,0
Ti1 Ag2 Se4,0
Ti1 Al2 Se4,0
Ti1 As2 Se4,0
Ti1 Au2 Se4,0
Ti1 B2 Se4,0
Ba2 Ti1 Se4,0
Ti1 Be2 Se4,0
Ti1 Bi2 Se4,0
Ca2 Ti1 Se4,0
Ti1 Cd2 Se4,0
Ce2 Ti1 Se4,0
Ti1 Co2 Se4,0
Ti1 Cr2 Se4,0
Ti1 Cu2 Se4,0
Dy2 Ti1 Se4,0
Er2 Ti1 Se4,0
Eu2 Ti1 Se4,0
Ti1 Fe2 Se4,0
Ti1 Ga2 Se4,0
Gd2 Ti1 Se4,0
Ti1 Ge2 Se4,0
Hf2 Ti1 Se4,0
Ti1 Hg2 Se4,0
Ho2 Ti1 Se4,0
Ti1 In2 Se4,0
Ti1 Ir2 Se4,0
La2 Ti1 Se4,0
Lu2 Ti1 Se4,0
Mg2 Ti1 Se4,0
Ti1 Mn2 Se4,0
Ti1 Mo2 Se4,0
Ti1 Nb2 Se4,0
Nd2 Ti1 Se4,0
Ti1 Ni2 Se4,0
Ti1 Os2 Se4,0
Ti1 P2 Se4,0
Ti1 Pb2 Se4,0
Ti1 Pd2 Se4,0
Pr2 Ti1 Se4,0
Ti1 Pt2 Se4,0
Ti1 Re2 Se4,0
Ti1 Rh2 Se4,0
Ti1 Ru2 Se4,0
Ti1 Sb2 Se4,0
Sc2 Ti1 Se4,0
Ti1 Si2 Se4,0
Sm2 Ti1 Se4,0
Ti1 Sn2 Se4,0
Sr2 Ti1 Se4,0
Ta2 Ti1 Se4,0
Tb2 Ti1 Se4,0
Ti1 Tc2 Se4,0
Ti1 Te2 Se4,0
Ti3 Se4,0
Ti1 Tl2 Se4,0
Tm2 Ti1 Se4,0
Ti1 V2 Se4,0
Ti1 W2 Se4,0
Y2 Ti1 Se4,0
Yb2 Ti1 Se4,0
Ti1 Zn2 Se4,0
Zr2 Ti1 Se4,0
Tl1 Ag2 Se4,0
Al2 Tl1 Se4,0
Tl1 As2 Se4,0
Tl1 Au2 Se4,0
Tl1 B2 Se4,0
Tl1 Bi2 Se4,0
Ce2 Tl1 Se4,0
Tl1 Co2 Se4,0
Tl1 Cr2 Se4,0
Tl1 Cu2 Se4,0
Dy2 Tl1 Se4,0
Er2 Tl1 Se4,0
Eu2 Tl1 Se4,0
Tl1 Fe2 Se4,0
Tl1 Ga2 Se4,0
Gd2 Tl1 Se4,0
Tl1 Ge2 Se4,0
Hf2 Tl1 Se4,0
Ho2 Tl1 Se4,0
Tl1 In2 Se4,0
Tl1 Ir2 Se4,0
La2 Tl1 Se4,0
Lu2 Tl1 Se4,0
Mn2 Tl1 Se4,0
Tl1 Mo2 Se4,0
Nb2 Tl1 Se4,0
Nd2 Tl1 Se4,0
Tl1 Ni2 Se4,0
Tl1 Os2 Se4,0
Tl1 P2 Se4,0
Tl1 Pb2 Se4,0
Tl1 Pd2 Se4,0
Pr2 Tl1 Se4,0
Tl1 Pt2 Se4,0
Tl1 Re2 Se4,0
Tl1 Rh2 Se4,0
Tl1 Ru2 Se4,0
Tl1 Sb2 Se4,0
Sc2 Tl1 Se4,0
Tl1 Si2 Se4,0
Sm2 Tl1 Se4,0
Tl1 Sn2 Se4,0
Sr2 Tl1 Se4,0
Ta2 Tl1 Se4,0
Tb2 Tl1 Se4,0
Tl1 Tc2 Se4,0
Tl1 Te2 Se4,0
Ti2 Tl1 Se4,0
Tl3 Se4,0
Tm2 Tl1 Se4,0
Tl1 V2 Se4,0
Tl1 W2 Se4,0
Y2 Tl1 Se4,0
Yb2 Tl1 Se4,0
Tl1 Zn2 Se4,0
Zr2 Tl1 Se4,0
Tm1 Ag2 Se4,0
Tm1 Al2 Se4,0
Tm1 As2 Se4,0
Tm1 Au2 Se4,0
Tm1 B2 Se4,0
Tm1 Bi2 Se4,0
Ce2 Tm1 Se4,0
Tm1 Co2 Se4,0
Tm1 Cr2 Se4,0
Tm1 Cu2 Se4,0
Dy2 Tm1 Se4,0
Er2 Tm1 Se4,0
Eu2 Tm1 Se4,0
Tm1 Fe2 Se4,0
Tm1 Ga2 Se4,0
Gd2 Tm1 Se4,0
Tm1 Ge2 Se4,0
Tm1 Hf2 Se4,0
Ho2 Tm1 Se4,0
Tm1 In2 Se4,0
Tm1 Ir2 Se4,0
La2 Tm1 Se4,0
Tm1 Lu2 Se4,0
Tm1 Mn2 Se4,0
Tm1 Mo2 Se4,0
Tm1 Nb2 Se4,0
Nd2 Tm1 Se4,0
Tm1 Ni2 Se4,0
Tm1 Os2 Se4,0
Tm1 P2 Se4,0
Tm1 Pb2 Se4,0
Tm1 Pd2 Se4,0
Pr2 Tm1 Se4,0
Tm1 Pt2 Se4,0
Tm1 Re2 Se4,0
Tm1 Rh2 Se4,0
Tm1 Ru2 Se4,0
Tm1 Sb2 Se4,0
Tm1 Sc2 Se4,0
Tm1 Si2 Se4,0
Sm2 Tm1 Se4,0
Tm1 Sn2 Se4,0
Sr2 Tm1 Se4,0
Tm1 Ta2 Se4,0
Tb2 Tm1 Se4,0
Tm1 Tc2 Se4,0
Tm1 Te2 Se4,0
Tm1 Ti2 Se4,0
Tm1 Tl2 Se4,0
Tm3 Se4,0
Tm1 V2 Se4,0
Tm1 W2 Se4,0
Y2 Tm1 Se4,0
Yb2 Tm1 Se4,0
Tm1 Zn2 Se4,0
Tm1 Zr2 Se4,0
V1 Ag2 Se4,0
Al2 V1 Se4,0
V1 As2 Se4,0
V1 Au2 Se4,0
V1 B2 Se4,0
Ba2 V1 Se4,0
Be2 V1 Se4,0
V1 Bi2 Se4,0
Ca2 V1 Se4,0
V1 Cd2 Se4,0
Ce2 V1 Se4,0
V1 Co2 Se4,0
V1 Cr2 Se4,0
V1 Cu2 Se4,0
Dy2 V1 Se4,0
Er2 V1 Se4,0
Eu2 V1 Se4,0
V1 Fe2 Se4,0
V1 Ga2 Se4,0
Gd2 V1 Se4,0
V1 Ge2 Se4,0
Hf2 V1 Se4,0
V1 Hg2 Se4,0
Ho2 V1 Se4,0
V1 In2 Se4,0
V1 Ir2 Se4,0
La2 V1 Se4,0
Lu2 V1 Se4,0
Mg2 V1 Se4,0
Mn2 V1 Se4,0
V1 Mo2 Se4,0
Nb2 V1 Se4,0
Nd2 V1 Se4,0
V1 Ni2 Se4,0
V1 Os2 Se4,0
V1 P2 Se4,0
V1 Pb2 Se4,0
V1 Pd2 Se4,0
Pr2 V1 Se4,0
V1 Pt2 Se4,0
V1 Re2 Se4,0
V1 Rh2 Se4,0
V1 Ru2 Se4,0
V1 Sb2 Se4,0
Sc2 V1 Se4,0
V1 Si2 Se4,0
Sm2 V1 Se4,0
V1 Sn2 Se4,0
Sr2 V1 Se4,0
Ta2 V1 Se4,0
Tb2 V1 Se4,0
V1 Tc2 Se4,0
V1 Te2 Se4,0
Ti2 V1 Se4,0
Tl2 V1 Se4,0
Tm2 V1 Se4,0
V3 Se4,0
V1 W2 Se4,0
Y2 V1 Se4,0
Yb2 V1 Se4,0
V1 Zn2 Se4,0
Zr2 V1 Se4,0
Ag2 W1 Se4,0
Al2 W1 Se4,0
As2 W1 Se4,0
W1 Au2 Se4,0
B2 W1 Se4,0
Ba2 W1 Se4,0
Be2 W1 Se4,0
Bi2 W1 Se4,0
Ca2 W1 Se4,0
Cd2 W1 Se4,0
Ce2 W1 Se4,0
Co2 W1 Se4,0
Cr2 W1 Se4,0
Cs2 W1 Se4,0
Cu2 W1 Se4,0
Dy2 W1 Se4,0
Er2 W1 Se4,0
Eu2 W1 Se4,0
Fe2 W1 Se4,0
Ga2 W1 Se4,0
Gd2 W1 Se4,0
Ge2 W1 Se4,0
H2 W1 Se4,0
Hf2 W1 Se4,0
Hg2 W1 Se4,0
Ho2 W1 Se4,0
In2 W1 Se4,0
Ir2 W1 Se4,0
K2 W1 Se4,0
La2 W1 Se4,0
Li2 W1 Se4,0
Lu2 W1 Se4,0
Mg2 W1 Se4,0
Mn2 W1 Se4,0
Mo2 W1 Se4,0
Na2 W1 Se4,0
Nb2 W1 Se4,0
Nd2 W1 Se4,0
Ni2 W1 Se4,0
Os2 W1 Se4,0
P2 W1 Se4,0
Pb2 W1 Se4,0
Pd2 W1 Se4,0
Pr2 W1 Se4,0
Pt2 W1 Se4,0
Rb2 W1 Se4,0
Re2 W1 Se4,0
Rh2 W1 Se4,0
Ru2 W1 Se4,0
Sb2 W1 Se4,0
Sc2 W1 Se4,0
Si2 W1 Se4,0
Sm2 W1 Se4,0
Sn2 W1 Se4,0
Sr2 W1 Se4,0
Ta2 W1 Se4,0
Tb2 W1 Se4,0
Tc2 W1 Se4,0
Te2 W1 Se4,0
Ti2 W1 Se4,0
Tl2 W1 Se4,0
Tm2 W1 Se4,0
V2 W1 Se4,0
W3 Se4,0
Y2 W1 Se4,0
Yb2 W1 Se4,0
Zn2 W1 Se4,0
Zr2 W1 Se4,0
Y1 Ag2 Se4,0
Y1 Al2 Se4,0
Y1 As2 Se4,0
Y1 Au2 Se4,0
Y1 B2 Se4,0
Ba2 Y1 Se4,0
Y1 Be2 Se4,0
Y1 Bi2 Se4,0
Ca2 Y1 Se4,0
Y1 Cd2 Se4,0
Ce2 Y1 Se4,0
Y1 Co2 Se4,0
Y1 Cr2 Se4,0
Y1 Cu2 Se4,0
Y1 Dy2 Se4,0
Y1 Er2 Se4,0
Eu2 Y1 Se4,0
Y1 Fe2 Se4,0
Y1 Ga2 Se4,0
Gd2 Y1 Se4,0
Y1 Ge2 Se4,0
Y1 Hf2 Se4,0
Y1 Hg2 Se4,0
Y1 Ho2 Se4,0
Y1 In2 Se4,0
Y1 Ir2 Se4,0
La2 Y1 Se4,0
Y1 Lu2 Se4,0
Y1 Mg2 Se4,0
Y1 Mn2 Se4,0
Y1 Mo2 Se4,0
Y1 Nb2 Se4,0
Nd2 Y1 Se4,0
Y1 Ni2 Se4,0
Y1 Os2 Se4,0
Y1 P2 Se4,0
Y1 Pb2 Se4,0
Y1 Pd2 Se4,0
Pr2 Y1 Se4,0
Y1 Pt2 Se4,0
Y1 Re2 Se4,0
Y1 Rh2 Se4,0
Y1 Ru2 Se4,0
Y1 Sb2 Se4,0
Y1 Sc2 Se4,0
Y1 Si2 Se4,0
Sm2 Y1 Se4,0
Y1 Sn2 Se4,0
Sr2 Y1 Se4,0
Y1 Ta2 Se4,0
Tb2 Y1 Se4,0
Y1 Tc2 Se4,0
Y1 Te2 Se4,0
Y1 Ti2 Se4,0
Y1 Tl2 Se4,0
Y1 Tm2 Se4,0
Y1 V2 Se4,0
Y1 W2 Se4,0
Y3 Se4,0
Yb2 Y1 Se4,0
Y1 Zn2 Se4,0
Y1 Zr2 Se4,0
Yb1 Ag2 Se4,0
Yb1 Al2 Se4,0
Yb1 As2 Se4,0
Yb1 Au2 Se4,0
Yb1 B2 Se4,0
Ba2 Yb1 Se4,0
Yb1 Be2 Se4,0
Yb1 Bi2 Se4,0
Ca2 Yb1 Se4,0
Yb1 Cd2 Se4,0
Yb1 Ce2 Se4,0
Yb1 Co2 Se4,0
Yb1 Cr2 Se4,0
Yb1 Cu2 Se4,0
Yb1 Dy2 Se4,0
Yb1 Er2 Se4,0
Yb1 Eu2 Se4,0
Yb1 Fe2 Se4,0
Yb1 Ga2 Se4,0
Yb1 Gd2 Se4,0
Yb1 Ge2 Se4,0
Yb1 Hf2 Se4,0
Yb1 Hg2 Se4,0
Yb1 Ho2 Se4,0
Yb1 In2 Se4,0
Yb1 Ir2 Se4,0
Yb1 La2 Se4,0
Yb1 Lu2 Se4,0
Yb1 Mg2 Se4,0
Yb1 Mn2 Se4,0
Yb1 Mo2 Se4,0
Yb1 Nb2 Se4,0
Yb1 Nd2 Se4,0
Yb1 Ni2 Se4,0
Yb1 Os2 Se4,0
Yb1 P2 Se4,0
Yb1 Pb2 Se4,0
Yb1 Pd2 Se4,0
Yb1 Pr2 Se4,0
Yb1 Pt2 Se4,0
Yb1 Re2 Se4,0
Yb1 Rh2 Se4,0
Yb1 Ru2 Se4,0
Yb1 Sb2 Se4,0
Yb1 Sc2 Se4,0
Yb1 Si2 Se4,0
Yb1 Sm2 Se4,0
Yb1 Sn2 Se4,0
Sr2 Yb1 Se4,0
Yb1 Ta2 Se4,0
Yb1 Tb2 Se4,0
Yb1 Tc2 Se4,0
Yb1 Te2 Se4,0
Yb1 Ti2 Se4,0
Yb1 Tl2 Se4,0
Yb1 Tm2 Se4,0
Yb1 V2 Se4,0
Yb1 W2 Se4,0
Yb1 Y2 Se4,0
Yb3 Se4,0
Yb1 Zn2 Se4,0
Yb1 Zr2 Se4,0
Zn1 Ag2 Se4,0
Al2 Zn1 Se4,0
Zn1 As2 Se4,0
Zn1 Au2 Se4,0
Zn1 B2 Se4,0
Ba2 Zn1 Se4,0
Be2 Zn1 Se4,0
Zn1 Bi2 Se4,0
Ca2 Zn1 Se4,0
Zn1 Cd2 Se4,0
Ce2 Zn1 Se4,0
Zn1 Co2 Se4,0
Zn1 Cr2 Se4,0
Zn1 Cu2 Se4,0
Dy2 Zn1 Se4,0
Er2 Zn1 Se4,0
Eu2 Zn1 Se4,0
Zn1 Fe2 Se4,0
Zn1 Ga2 Se4,0
Gd2 Zn1 Se4,0
Zn1 Ge2 Se4,0
Hf2 Zn1 Se4,0
Zn1 Hg2 Se4,0
Ho2 Zn1 Se4,0
Zn1 In2 Se4,0
Zn1 Ir2 Se4,0
La2 Zn1 Se4,0
Lu2 Zn1 Se4,0
Mg2 Zn1 Se4,0
Mn2 Zn1 Se4,0
Zn1 Mo2 Se4,0
Nb2 Zn1 Se4,0
Nd2 Zn1 Se4,0
Zn1 Ni2 Se4,0
Zn1 Os2 Se4,0
Zn1 P2 Se4,0
Zn1 Pb2 Se4,0
Zn1 Pd2 Se4,0
Pr2 Zn1 Se4,0
Zn1 Pt2 Se4,0
Zn1 Re2 Se4,0
Zn1 Rh2 Se4,0
Zn1 Ru2 Se4,0
Zn1 Sb2 Se4,0
Sc2 Zn1 Se4,0
Zn1 Si2 Se4,0
Sm2 Zn1 Se4,0
Zn1 Sn2 Se4,0
Sr2 Zn1 Se4,0
Ta2 Zn1 Se4,0
Tb2 Zn1 Se4,0
Zn1 Tc2 Se4,0
Zn1 Te2 Se4,0
Ti2 Zn1 Se4,0
Tl2 Zn1 Se4,0
Tm2 Zn1 Se4,0
V2 Zn1 Se4,0
Zn1 W2 Se4,0
Y2 Zn1 Se4,0
Yb2 Zn1 Se4,0
Zn3 Se4,0
Zr2 Zn1 Se4,0
Zr1 Ag2 Se4,0
Zr1 Al2 Se4,0
Zr1 As2 Se4,0
Zr1 Au2 Se4,0
Zr1 B2 Se4,0
Ba2 Zr1 Se4,0
Zr1 Be2 Se4,0
Zr1 Bi2 Se4,0
Ca2 Zr1 Se4,0
Zr1 Cd2 Se4,0
Ce2 Zr1 Se4,0
Zr1 Co2 Se4,0
Zr1 Cr2 Se4,0
Zr1 Cu2 Se4,0
Dy2 Zr1 Se4,0
Er2 Zr1 Se4,0
Eu2 Zr1 Se4,0
Zr1 Fe2 Se4,0
Zr1 Ga2 Se4,0
Gd2 Zr1 Se4,0
Zr1 Ge2 Se4,0
Hf2 Zr1 Se4,0
Zr1 Hg2 Se4,0
Ho2 Zr1 Se4,0
Zr1 In2 Se4,0
Zr1 Ir2 Se4,0
La2 Zr1 Se4,0
Lu2 Zr1 Se4,0
Mg2 Zr1 Se4,0
Zr1 Mn2 Se4,0
Zr1 Mo2 Se4,0
Zr1 Nb2 Se4,0
Nd2 Zr1 Se4,0
Zr1 Ni2 Se4,0
Zr1 Os2 Se4,0
Zr1 P2 Se4,0
Zr1 Pb2 Se4,0
Zr1 Pd2 Se4,0
Pr2 Zr1 Se4,0
Zr1 Pt2 Se4,0
Zr1 Re2 Se4,0
Zr1 Rh2 Se4,0
Zr1 Ru2 Se4,0
Zr1 Sb2 Se4,0
Zr1 Sc2 Se4,0
Zr1 Si2 Se4,0
Sm2 Zr1 Se4,0
Zr1 Sn2 Se4,0
Sr2 Zr1 Se4,0
Zr1 Ta2 Se4,0
Tb2 Zr1 Se4,0
Zr1 Tc2 Se4,0
Zr1 Te2 Se4,0
Zr1 Ti2 Se4,0
Zr1 Tl2 Se4,0
Tm2 Zr1 Se4,0
Zr1 V2 Se4,0
Zr1 W2 Se4,0
Y2 Zr1 Se4,0
Yb2 Zr1 Se4,0
Zr1 Zn2 Se4,0
Zr3 Se4,0
