Ag3 Te4,0
Al2 Ag1 Te4,0
Ag1 B2 Te4,0
Ag1 Bi2 Te4,0
Ce2 Ag1 Te4,0
Co2 Ag1 Te4,0
Cr2 Ag1 Te4,0
Cu2 Ag1 Te4,0
Dy2 Ag1 Te4,0
Er2 Ag1 Te4,0
Eu2 Ag1 Te4,0
Fe2 Ag1 Te4,0
Ga2 Ag1 Te4,0
Gd2 Ag1 Te4,0
Ag1 Ge2 Te4,0
Hf2 Ag1 Te4,0
Ho2 Ag1 Te4,0
In2 Ag1 Te4,0
La2 Ag1 Te4,0
Lu2 Ag1 Te4,0
Mn2 Ag1 Te4,0
Nb2 Ag1 Te4,0
Nd2 Ag1 Te4,0
Ni2 Ag1 Te4,0
Ag1 Te4 Pb2,0
Pr2 Ag1 Te4,0
Re2 Ag1 Te4,0
Ag1 Sb2 Te4,0
Sc2 Ag1 Te4,0
Si2 Ag1 Te4,0
Sm2 Ag1 Te4,0
Ag1 Sn2 Te4,0
Sr2 Ag1 Te4,0
Ta2 Ag1 Te4,0
Tb2 Ag1 Te4,0
Ti2 Ag1 Te4,0
Tl2 Ag1 Te4,0
Tm2 Ag1 Te4,0
V2 Ag1 Te4,0
Ag1 Te4 W2,0
Y2 Ag1 Te4,0
Yb2 Ag1 Te4,0
Zn2 Ag1 Te4,0
Zr2 Ag1 Te4,0
Al1 Ag2 Te4,0
Al1 B2 Te4,0
Al1 Bi2 Te4,0
Ce2 Al1 Te4,0
Al1 Co2 Te4,0
Al1 Cr2 Te4,0
Al1 Cu2 Te4,0
Dy2 Al1 Te4,0
Er2 Al1 Te4,0
Eu2 Al1 Te4,0
Al1 Fe2 Te4,0
Al1 Ga2 Te4,0
Gd2 Al1 Te4,0
Al1 Ge2 Te4,0
Hf2 Al1 Te4,0
Ho2 Al1 Te4,0
Al1 In2 Te4,0
La2 Al1 Te4,0
Lu2 Al1 Te4,0
Mn2 Al1 Te4,0
Nb2 Al1 Te4,0
Nd2 Al1 Te4,0
Al1 Ni2 Te4,0
Al1 Te4 Pb2,0
Pr2 Al1 Te4,0
Al1 Re2 Te4,0
Al1 Sb2 Te4,0
Sc2 Al1 Te4,0
Al1 Si2 Te4,0
Sm2 Al1 Te4,0
Al1 Sn2 Te4,0
Ta2 Al1 Te4,0
Tb2 Al1 Te4,0
Ti2 Al1 Te4,0
Al1 Tl2 Te4,0
Tm2 Al1 Te4,0
Al1 V2 Te4,0
Al1 Te4 W2,0
Y2 Al1 Te4,0
Yb2 Al1 Te4,0
Al1 Zn2 Te4,0
Zr2 Al1 Te4,0
Ag2 B1 Te4,0
Al2 B1 Te4,0
B3 Te4,0
Bi2 B1 Te4,0
Ce2 B1 Te4,0
Co2 B1 Te4,0
Cr2 B1 Te4,0
Cu2 B1 Te4,0
Dy2 B1 Te4,0
Er2 B1 Te4,0
Eu2 B1 Te4,0
Fe2 B1 Te4,0
Ga2 B1 Te4,0
Gd2 B1 Te4,0
Ge2 B1 Te4,0
Hf2 B1 Te4,0
Ho2 B1 Te4,0
In2 B1 Te4,0
La2 B1 Te4,0
Lu2 B1 Te4,0
Mn2 B1 Te4,0
Nb2 B1 Te4,0
Nd2 B1 Te4,0
Ni2 B1 Te4,0
B1 Te4 Pb2,0
Pr2 B1 Te4,0
Re2 B1 Te4,0
B1 Sb2 Te4,0
Sc2 B1 Te4,0
Si2 B1 Te4,0
Sm2 B1 Te4,0
Sn2 B1 Te4,0
Sr2 B1 Te4,0
Ta2 B1 Te4,0
Tb2 B1 Te4,0
Ti2 B1 Te4,0
Tl2 B1 Te4,0
Tm2 B1 Te4,0
V2 B1 Te4,0
B1 Te4 W2,0
Y2 B1 Te4,0
Yb2 B1 Te4,0
Zn2 B1 Te4,0
Zr2 B1 Te4,0
Ba1 Ag2 Te4,0
Ba1 Al2 Te4,0
Ba1 B2 Te4,0
Ba1 Bi2 Te4,0
Ba1 Ce2 Te4,0
Ba1 Co2 Te4,0
Ba1 Cr2 Te4,0
Ba1 Cu2 Te4,0
Ba1 Dy2 Te4,0
Ba1 Er2 Te4,0
Ba1 Eu2 Te4,0
Ba1 Fe2 Te4,0
Ba1 Ga2 Te4,0
Ba1 Gd2 Te4,0
Ba1 Ge2 Te4,0
Ba1 Hf2 Te4,0
Ba1 Ho2 Te4,0
Ba1 In2 Te4,0
Ba1 La2 Te4,0
Ba1 Lu2 Te4,0
Ba1 Mn2 Te4,0
Ba1 Nb2 Te4,0
Ba1 Nd2 Te4,0
Ba1 Ni2 Te4,0
Ba1 Te4 Pb2,0
Ba1 Pr2 Te4,0
Ba1 Re2 Te4,0
Ba1 Sb2 Te4,0
Ba1 Sc2 Te4,0
Ba1 Si2 Te4,0
Ba1 Sm2 Te4,0
Ba1 Sn2 Te4,0
Ba1 Sr2 Te4,0
Ba1 Ta2 Te4,0
Ba1 Tb2 Te4,0
Ba1 Ti2 Te4,0
Ba1 Tl2 Te4,0
Ba1 Tm2 Te4,0
Ba1 V2 Te4,0
Ba1 Te4 W2,0
Ba1 Y2 Te4,0
Ba1 Yb2 Te4,0
Ba1 Zn2 Te4,0
Ba1 Zr2 Te4,0
Be1 Ag2 Te4,0
Be1 Al2 Te4,0
Be1 B2 Te4,0
Be1 Bi2 Te4,0
Ce2 Be1 Te4,0
Be1 Co2 Te4,0
Be1 Cr2 Te4,0
Be1 Cu2 Te4,0
Dy2 Be1 Te4,0
Er2 Be1 Te4,0
Eu2 Be1 Te4,0
Be1 Fe2 Te4,0
Be1 Ga2 Te4,0
Gd2 Be1 Te4,0
Be1 Ge2 Te4,0
Hf2 Be1 Te4,0
Ho2 Be1 Te4,0
Be1 In2 Te4,0
La2 Be1 Te4,0
Lu2 Be1 Te4,0
Mn2 Be1 Te4,0
Be1 Nb2 Te4,0
Nd2 Be1 Te4,0
Be1 Ni2 Te4,0
Be1 Te4 Pb2,0
Pr2 Be1 Te4,0
Be1 Re2 Te4,0
Be1 Sb2 Te4,0
Sc2 Be1 Te4,0
Be1 Si2 Te4,0
Sm2 Be1 Te4,0
Be1 Sn2 Te4,0
Sr2 Be1 Te4,0
Ta2 Be1 Te4,0
Tb2 Be1 Te4,0
Ti2 Be1 Te4,0
Be1 Tl2 Te4,0
Tm2 Be1 Te4,0
Be1 V2 Te4,0
Be1 Te4 W2,0
Y2 Be1 Te4,0
Yb2 Be1 Te4,0
Be1 Zn2 Te4,0
Zr2 Be1 Te4,0
Ag2 Bi1 Te4,0
Al2 Bi1 Te4,0
Bi1 B2 Te4,0
Ba2 Bi1 Te4,0
Be2 Bi1 Te4,0
Bi3 Te4,0
Ca2 Bi1 Te4,0
Cd2 Bi1 Te4,0
Ce2 Bi1 Te4,0
Co2 Bi1 Te4,0
Cr2 Bi1 Te4,0
Cu2 Bi1 Te4,0
Dy2 Bi1 Te4,0
Er2 Bi1 Te4,0
Eu2 Bi1 Te4,0
Fe2 Bi1 Te4,0
Ga2 Bi1 Te4,0
Gd2 Bi1 Te4,0
Ge2 Bi1 Te4,0
Hf2 Bi1 Te4,0
Hg2 Bi1 Te4,0
Ho2 Bi1 Te4,0
In2 Bi1 Te4,0
La2 Bi1 Te4,0
Lu2 Bi1 Te4,0
Mg2 Bi1 Te4,0
Mn2 Bi1 Te4,0
Nb2 Bi1 Te4,0
Nd2 Bi1 Te4,0
Ni2 Bi1 Te4,0
Bi1 Te4 Pb2,0
Pr2 Bi1 Te4,0
Re2 Bi1 Te4,0
Bi1 Sb2 Te4,0
Sc2 Bi1 Te4,0
Si2 Bi1 Te4,0
Sm2 Bi1 Te4,0
Sn2 Bi1 Te4,0
Sr2 Bi1 Te4,0
Ta2 Bi1 Te4,0
Tb2 Bi1 Te4,0
Ti2 Bi1 Te4,0
Tl2 Bi1 Te4,0
Tm2 Bi1 Te4,0
V2 Bi1 Te4,0
Bi1 Te4 W2,0
Y2 Bi1 Te4,0
Yb2 Bi1 Te4,0
Zn2 Bi1 Te4,0
Zr2 Bi1 Te4,0
Ca1 Ag2 Te4,0
Ca1 Al2 Te4,0
Ca1 B2 Te4,0
Ca1 Bi2 Te4,0
Ca1 Ce2 Te4,0
Ca1 Co2 Te4,0
Ca1 Cr2 Te4,0
Ca1 Cu2 Te4,0
Ca1 Dy2 Te4,0
Ca1 Er2 Te4,0
Ca1 Eu2 Te4,0
Ca1 Fe2 Te4,0
Ca1 Ga2 Te4,0
Ca1 Gd2 Te4,0
Ca1 Ge2 Te4,0
Ca1 Hf2 Te4,0
Ca1 Ho2 Te4,0
Ca1 In2 Te4,0
Ca1 La2 Te4,0
Ca1 Lu2 Te4,0
Ca1 Mn2 Te4,0
Ca1 Nb2 Te4,0
Ca1 Nd2 Te4,0
Ca1 Ni2 Te4,0
Ca1 Te4 Pb2,0
Ca1 Pr2 Te4,0
Ca1 Re2 Te4,0
Ca1 Sb2 Te4,0
Ca1 Sc2 Te4,0
Ca1 Si2 Te4,0
Ca1 Sm2 Te4,0
Ca1 Sn2 Te4,0
Sr2 Ca1 Te4,0
Ca1 Ta2 Te4,0
Ca1 Tb2 Te4,0
Ca1 Ti2 Te4,0
Ca1 Tl2 Te4,0
Ca1 Tm2 Te4,0
Ca1 V2 Te4,0
Ca1 Te4 W2,0
Ca1 Y2 Te4,0
Ca1 Yb2 Te4,0
Ca1 Zn2 Te4,0
Ca1 Zr2 Te4,0
Cd1 Ag2 Te4,0
Al2 Cd1 Te4,0
Cd1 B2 Te4,0
Cd1 Bi2 Te4,0
Ce2 Cd1 Te4,0
Cd1 Co2 Te4,0
Cr2 Cd1 Te4,0
Cd1 Cu2 Te4,0
Dy2 Cd1 Te4,0
Er2 Cd1 Te4,0
Eu2 Cd1 Te4,0
Cd1 Fe2 Te4,0
Cd1 Ga2 Te4,0
Gd2 Cd1 Te4,0
Cd1 Ge2 Te4,0
Hf2 Cd1 Te4,0
Ho2 Cd1 Te4,0
Cd1 In2 Te4,0
La2 Cd1 Te4,0
Lu2 Cd1 Te4,0
Mn2 Cd1 Te4,0
Nb2 Cd1 Te4,0
Nd2 Cd1 Te4,0
Cd1 Ni2 Te4,0
Cd1 Te4 Pb2,0
Pr2 Cd1 Te4,0
Cd1 Re2 Te4,0
Cd1 Sb2 Te4,0
Sc2 Cd1 Te4,0
Cd1 Si2 Te4,0
Sm2 Cd1 Te4,0
Cd1 Sn2 Te4,0
Sr2 Cd1 Te4,0
Ta2 Cd1 Te4,0
Tb2 Cd1 Te4,0
Ti2 Cd1 Te4,0
Tl2 Cd1 Te4,0
Tm2 Cd1 Te4,0
V2 Cd1 Te4,0
Cd1 Te4 W2,0
Y2 Cd1 Te4,0
Yb2 Cd1 Te4,0
Zn2 Cd1 Te4,0
Zr2 Cd1 Te4,0
Ce1 Ag2 Te4,0
Ce1 Al2 Te4,0
Ce1 B2 Te4,0
Ba2 Ce1 Te4,0
Ce1 Be2 Te4,0
Ce1 Bi2 Te4,0
Ca2 Ce1 Te4,0
Ce1 Cd2 Te4,0
Ce3 Te4,0
Ce1 Co2 Te4,0
Ce1 Cr2 Te4,0
Ce1 Cu2 Te4,0
Ce1 Dy2 Te4,0
Ce1 Er2 Te4,0
Ce1 Eu2 Te4,0
Ce1 Fe2 Te4,0
Ce1 Ga2 Te4,0
Ce1 Gd2 Te4,0
Ce1 Ge2 Te4,0
Ce1 Hf2 Te4,0
Ce1 Hg2 Te4,0
Ce1 Ho2 Te4,0
Ce1 In2 Te4,0
La2 Ce1 Te4,0
Ce1 Lu2 Te4,0
Ce1 Mg2 Te4,0
Ce1 Mn2 Te4,0
Ce1 Nb2 Te4,0
Ce1 Nd2 Te4,0
Ce1 Ni2 Te4,0
Ce1 Te4 Pb2,0
Ce1 Pr2 Te4,0
Ce1 Re2 Te4,0
Ce1 Sb2 Te4,0
Ce1 Sc2 Te4,0
Ce1 Si2 Te4,0
Ce1 Sm2 Te4,0
Ce1 Sn2 Te4,0
Sr2 Ce1 Te4,0
Ce1 Ta2 Te4,0
Tb2 Ce1 Te4,0
Ce1 Ti2 Te4,0
Ce1 Tl2 Te4,0
Ce1 Tm2 Te4,0
Ce1 V2 Te4,0
Ce1 Te4 W2,0
Ce1 Y2 Te4,0
Yb2 Ce1 Te4,0
Ce1 Zn2 Te4,0
Ce1 Zr2 Te4,0
Co1 Ag2 Te4,0
Al2 Co1 Te4,0
Co1 B2 Te4,0
Ba2 Co1 Te4,0
Be2 Co1 Te4,0
Co1 Bi2 Te4,0
Ca2 Co1 Te4,0
Cd2 Co1 Te4,0
Ce2 Co1 Te4,0
Co3 Te4,0
Cr2 Co1 Te4,0
Co1 Cu2 Te4,0
Dy2 Co1 Te4,0
Er2 Co1 Te4,0
Eu2 Co1 Te4,0
Fe2 Co1 Te4,0
Ga2 Co1 Te4,0
Gd2 Co1 Te4,0
Co1 Ge2 Te4,0
Hf2 Co1 Te4,0
Co1 Hg2 Te4,0
Ho2 Co1 Te4,0
In2 Co1 Te4,0
La2 Co1 Te4,0
Lu2 Co1 Te4,0
Mg2 Co1 Te4,0
Mn2 Co1 Te4,0
Nb2 Co1 Te4,0
Nd2 Co1 Te4,0
Co1 Ni2 Te4,0
Co1 Te4 Pb2,0
Pr2 Co1 Te4,0
Co1 Re2 Te4,0
Co1 Sb2 Te4,0
Sc2 Co1 Te4,0
Co1 Si2 Te4,0
Sm2 Co1 Te4,0
Co1 Sn2 Te4,0
Sr2 Co1 Te4,0
Ta2 Co1 Te4,0
Tb2 Co1 Te4,0
Ti2 Co1 Te4,0
Tl2 Co1 Te4,0
Tm2 Co1 Te4,0
V2 Co1 Te4,0
Co1 Te4 W2,0
Y2 Co1 Te4,0
Yb2 Co1 Te4,0
Zn2 Co1 Te4,0
Zr2 Co1 Te4,0
Cr1 Ag2 Te4,0
Al2 Cr1 Te4,0
Cr1 B2 Te4,0
Ba2 Cr1 Te4,0
Be2 Cr1 Te4,0
Cr1 Bi2 Te4,0
Ca2 Cr1 Te4,0
Cr1 Cd2 Te4,0
Ce2 Cr1 Te4,0
Cr1 Co2 Te4,0
Cr3 Te4,0
Cs2 Cr1 Te4,0
Cr1 Cu2 Te4,0
Dy2 Cr1 Te4,0
Er2 Cr1 Te4,0
Eu2 Cr1 Te4,0
Cr1 Fe2 Te4,0
Cr1 Ga2 Te4,0
Gd2 Cr1 Te4,0
Cr1 Ge2 Te4,0
Hf2 Cr1 Te4,0
Cr1 Hg2 Te4,0
Ho2 Cr1 Te4,0
Cr1 In2 Te4,0
K2 Cr1 Te4,0
La2 Cr1 Te4,0
Li2 Cr1 Te4,0
Lu2 Cr1 Te4,0
Mg2 Cr1 Te4,0
Mn2 Cr1 Te4,0
Na2 Cr1 Te4,0
Nb2 Cr1 Te4,0
Nd2 Cr1 Te4,0
Cr1 Ni2 Te4,0
Cr1 Te4 Pb2,0
Pr2 Cr1 Te4,0
Rb2 Cr1 Te4,0
Cr1 Re2 Te4,0
Cr1 Sb2 Te4,0
Sc2 Cr1 Te4,0
Cr1 Si2 Te4,0
Sm2 Cr1 Te4,0
Cr1 Sn2 Te4,0
Sr2 Cr1 Te4,0
Ta2 Cr1 Te4,0
Tb2 Cr1 Te4,0
Ti2 Cr1 Te4,0
Tl2 Cr1 Te4,0
Tm2 Cr1 Te4,0
V2 Cr1 Te4,0
Cr1 Te4 W2,0
Y2 Cr1 Te4,0
Yb2 Cr1 Te4,0
Zn2 Cr1 Te4,0
Zr2 Cr1 Te4,0
Cs1 Bi2 Te4,0
Cs1 Ce2 Te4,0
Cs1 Co2 Te4,0
Cs1 Cr2 Te4,0
Cs1 Cu2 Te4,0
Cs1 Dy2 Te4,0
Cs1 Er2 Te4,0
Cs1 Eu2 Te4,0
Cs1 Fe2 Te4,0
Cs1 Ga2 Te4,0
Cs1 Gd2 Te4,0
Cs1 Ge2 Te4,0
Cs1 Hf2 Te4,0
Cs1 La2 Te4,0
Cs1 Mn2 Te4,0
Cs1 Nb2 Te4,0
Cs1 Nd2 Te4,0
Cs1 Ni2 Te4,0
Cs1 Te4 Pb2,0
Cs1 Pr2 Te4,0
Cs1 Re2 Te4,0
Cs1 Sb2 Te4,0
Cs1 Si2 Te4,0
Cs1 Sm2 Te4,0
Cs1 Sn2 Te4,0
Cs1 Ta2 Te4,0
Cs1 Tb2 Te4,0
Cs1 Ti2 Te4,0
Cs1 V2 Te4,0
Cs1 Te4 W2,0
Cs1 Y2 Te4,0
Cs1 Yb2 Te4,0
Cs1 Zn2 Te4,0
Cs1 Zr2 Te4,0
Cu1 Ag2 Te4,0
Al2 Cu1 Te4,0
Cu1 B2 Te4,0
Ba2 Cu1 Te4,0
Be2 Cu1 Te4,0
Cu1 Bi2 Te4,0
Ca2 Cu1 Te4,0
Cd2 Cu1 Te4,0
Ce2 Cu1 Te4,0
Co2 Cu1 Te4,0
Cr2 Cu1 Te4,0
Cu3 Te4,0
Dy2 Cu1 Te4,0
Er2 Cu1 Te4,0
Eu2 Cu1 Te4,0
Fe2 Cu1 Te4,0
Ga2 Cu1 Te4,0
Gd2 Cu1 Te4,0
Cu1 Ge2 Te4,0
Hf2 Cu1 Te4,0
Cu1 Hg2 Te4,0
Ho2 Cu1 Te4,0
In2 Cu1 Te4,0
La2 Cu1 Te4,0
Lu2 Cu1 Te4,0
Mg2 Cu1 Te4,0
Mn2 Cu1 Te4,0
Nb2 Cu1 Te4,0
Nd2 Cu1 Te4,0
Cu1 Ni2 Te4,0
Cu1 Te4 Pb2,0
Pr2 Cu1 Te4,0
Cu1 Re2 Te4,0
Cu1 Sb2 Te4,0
Sc2 Cu1 Te4,0
Cu1 Si2 Te4,0
Sm2 Cu1 Te4,0
Cu1 Sn2 Te4,0
Sr2 Cu1 Te4,0
Ta2 Cu1 Te4,0
Tb2 Cu1 Te4,0
Ti2 Cu1 Te4,0
Tl2 Cu1 Te4,0
Tm2 Cu1 Te4,0
V2 Cu1 Te4,0
Cu1 Te4 W2,0
Y2 Cu1 Te4,0
Yb2 Cu1 Te4,0
Zn2 Cu1 Te4,0
Zr2 Cu1 Te4,0
Dy1 Ag2 Te4,0
Dy1 Al2 Te4,0
Dy1 B2 Te4,0
Ba2 Dy1 Te4,0
Dy1 Be2 Te4,0
Dy1 Bi2 Te4,0
Ca2 Dy1 Te4,0
Dy1 Cd2 Te4,0
Ce2 Dy1 Te4,0
Dy1 Co2 Te4,0
Dy1 Cr2 Te4,0
Dy1 Cu2 Te4,0
Dy3 Te4,0
Dy1 Er2 Te4,0
Eu2 Dy1 Te4,0
Dy1 Fe2 Te4,0
Dy1 Ga2 Te4,0
Gd2 Dy1 Te4,0
Dy1 Ge2 Te4,0
Dy1 Hf2 Te4,0
Dy1 Hg2 Te4,0
Dy1 Ho2 Te4,0
Dy1 In2 Te4,0
La2 Dy1 Te4,0
Dy1 Lu2 Te4,0
Dy1 Mg2 Te4,0
Dy1 Mn2 Te4,0
Dy1 Nb2 Te4,0
Nd2 Dy1 Te4,0
Dy1 Ni2 Te4,0
Dy1 Te4 Pb2,0
Pr2 Dy1 Te4,0
Dy1 Re2 Te4,0
Dy1 Sb2 Te4,0
Dy1 Sc2 Te4,0
Dy1 Si2 Te4,0
Sm2 Dy1 Te4,0
Dy1 Sn2 Te4,0
Sr2 Dy1 Te4,0
Dy1 Ta2 Te4,0
Tb2 Dy1 Te4,0
Dy1 Ti2 Te4,0
Dy1 Tl2 Te4,0
Dy1 Tm2 Te4,0
Dy1 V2 Te4,0
Dy1 Te4 W2,0
Dy1 Y2 Te4,0
Yb2 Dy1 Te4,0
Dy1 Zn2 Te4,0
Dy1 Zr2 Te4,0
Er1 Ag2 Te4,0
Er1 Al2 Te4,0
Er1 B2 Te4,0
Ba2 Er1 Te4,0
Er1 Be2 Te4,0
Er1 Bi2 Te4,0
Ca2 Er1 Te4,0
Er1 Cd2 Te4,0
Ce2 Er1 Te4,0
Er1 Co2 Te4,0
Er1 Cr2 Te4,0
Er1 Cu2 Te4,0
Dy2 Er1 Te4,0
Er3 Te4,0
Eu2 Er1 Te4,0
Er1 Fe2 Te4,0
Er1 Ga2 Te4,0
Gd2 Er1 Te4,0
Er1 Ge2 Te4,0
Er1 Hf2 Te4,0
Er1 Hg2 Te4,0
Ho2 Er1 Te4,0
Er1 In2 Te4,0
La2 Er1 Te4,0
Er1 Lu2 Te4,0
Er1 Mg2 Te4,0
Er1 Mn2 Te4,0
Er1 Nb2 Te4,0
Nd2 Er1 Te4,0
Er1 Ni2 Te4,0
Er1 Te4 Pb2,0
Pr2 Er1 Te4,0
Er1 Re2 Te4,0
Er1 Sb2 Te4,0
Er1 Sc2 Te4,0
Er1 Si2 Te4,0
Sm2 Er1 Te4,0
Er1 Sn2 Te4,0
Sr2 Er1 Te4,0
Er1 Ta2 Te4,0
Tb2 Er1 Te4,0
Er1 Ti2 Te4,0
Er1 Tl2 Te4,0
Er1 Tm2 Te4,0
Er1 V2 Te4,0
Er1 Te4 W2,0
Y2 Er1 Te4,0
Yb2 Er1 Te4,0
Er1 Zn2 Te4,0
Er1 Zr2 Te4,0
Eu1 Ag2 Te4,0
Eu1 Al2 Te4,0
Eu1 B2 Te4,0
Ba2 Eu1 Te4,0
Eu1 Be2 Te4,0
Eu1 Bi2 Te4,0
Ca2 Eu1 Te4,0
Eu1 Cd2 Te4,0
Ce2 Eu1 Te4,0
Eu1 Co2 Te4,0
Eu1 Cr2 Te4,0
Cs2 Eu1 Te4,0
Eu1 Cu2 Te4,0
Eu1 Dy2 Te4,0
Eu1 Er2 Te4,0
Eu3 Te4,0
Eu1 Fe2 Te4,0
Eu1 Ga2 Te4,0
Eu1 Gd2 Te4,0
Eu1 Ge2 Te4,0
Eu1 Hf2 Te4,0
Eu1 Hg2 Te4,0
Eu1 Ho2 Te4,0
Eu1 In2 Te4,0
K2 Eu1 Te4,0
La2 Eu1 Te4,0
Li2 Eu1 Te4,0
Eu1 Lu2 Te4,0
Eu1 Mg2 Te4,0
Eu1 Mn2 Te4,0
Na2 Eu1 Te4,0
Eu1 Nb2 Te4,0
Nd2 Eu1 Te4,0
Eu1 Ni2 Te4,0
Eu1 Te4 Pb2,0
Pr2 Eu1 Te4,0
Rb2 Eu1 Te4,0
Eu1 Re2 Te4,0
Eu1 Sb2 Te4,0
Eu1 Sc2 Te4,0
Eu1 Si2 Te4,0
Sm2 Eu1 Te4,0
Eu1 Sn2 Te4,0
Sr2 Eu1 Te4,0
Eu1 Ta2 Te4,0
Tb2 Eu1 Te4,0
Eu1 Ti2 Te4,0
Eu1 Tl2 Te4,0
Eu1 Tm2 Te4,0
Eu1 V2 Te4,0
Eu1 Te4 W2,0
Eu1 Y2 Te4,0
Yb2 Eu1 Te4,0
Eu1 Zn2 Te4,0
Eu1 Zr2 Te4,0
Fe1 Ag2 Te4,0
Al2 Fe1 Te4,0
Fe1 B2 Te4,0
Ba2 Fe1 Te4,0
Be2 Fe1 Te4,0
Fe1 Bi2 Te4,0
Ca2 Fe1 Te4,0
Cd2 Fe1 Te4,0
Ce2 Fe1 Te4,0
Fe1 Co2 Te4,0
Cr2 Fe1 Te4,0
Cs2 Fe1 Te4,0
Fe1 Cu2 Te4,0
Dy2 Fe1 Te4,0
Er2 Fe1 Te4,0
Eu2 Fe1 Te4,0
Fe3 Te4,0
Ga2 Fe1 Te4,0
Gd2 Fe1 Te4,0
Fe1 Ge2 Te4,0
Hf2 Fe1 Te4,0
Fe1 Hg2 Te4,0
Ho2 Fe1 Te4,0
In2 Fe1 Te4,0
K2 Fe1 Te4,0
La2 Fe1 Te4,0
Li2 Fe1 Te4,0
Lu2 Fe1 Te4,0
Mg2 Fe1 Te4,0
Mn2 Fe1 Te4,0
Na2 Fe1 Te4,0
Nb2 Fe1 Te4,0
Nd2 Fe1 Te4,0
Fe1 Ni2 Te4,0
Fe1 Te4 Pb2,0
Pr2 Fe1 Te4,0
Rb2 Fe1 Te4,0
Fe1 Re2 Te4,0
Fe1 Sb2 Te4,0
Sc2 Fe1 Te4,0
Fe1 Si2 Te4,0
Sm2 Fe1 Te4,0
Fe1 Sn2 Te4,0
Sr2 Fe1 Te4,0
Ta2 Fe1 Te4,0
Tb2 Fe1 Te4,0
Ti2 Fe1 Te4,0
Tl2 Fe1 Te4,0
Tm2 Fe1 Te4,0
V2 Fe1 Te4,0
Fe1 Te4 W2,0
Y2 Fe1 Te4,0
Yb2 Fe1 Te4,0
Zn2 Fe1 Te4,0
Zr2 Fe1 Te4,0
Ga1 Ag2 Te4,0
Al2 Ga1 Te4,0
Ga1 B2 Te4,0
Ba2 Ga1 Te4,0
Be2 Ga1 Te4,0
Ga1 Bi2 Te4,0
Ca2 Ga1 Te4,0
Cd2 Ga1 Te4,0
Ce2 Ga1 Te4,0
Ga1 Co2 Te4,0
Cr2 Ga1 Te4,0
Ga1 Cu2 Te4,0
Dy2 Ga1 Te4,0
Er2 Ga1 Te4,0
Eu2 Ga1 Te4,0
Ga1 Fe2 Te4,0
Ga3 Te4,0
Gd2 Ga1 Te4,0
Ga1 Ge2 Te4,0
Hf2 Ga1 Te4,0
Ga1 Hg2 Te4,0
Ho2 Ga1 Te4,0
In2 Ga1 Te4,0
La2 Ga1 Te4,0
Lu2 Ga1 Te4,0
Mg2 Ga1 Te4,0
Mn2 Ga1 Te4,0
Nb2 Ga1 Te4,0
Nd2 Ga1 Te4,0
Ga1 Ni2 Te4,0
Ga1 Te4 Pb2,0
Pr2 Ga1 Te4,0
Ga1 Re2 Te4,0
Ga1 Sb2 Te4,0
Sc2 Ga1 Te4,0
Ga1 Si2 Te4,0
Sm2 Ga1 Te4,0
Ga1 Sn2 Te4,0
Sr2 Ga1 Te4,0
Ta2 Ga1 Te4,0
Tb2 Ga1 Te4,0
Ti2 Ga1 Te4,0
Tl2 Ga1 Te4,0
Tm2 Ga1 Te4,0
V2 Ga1 Te4,0
Ga1 Te4 W2,0
Y2 Ga1 Te4,0
Yb2 Ga1 Te4,0
Zn2 Ga1 Te4,0
Zr2 Ga1 Te4,0
Gd1 Ag2 Te4,0
Gd1 Al2 Te4,0
Gd1 B2 Te4,0
Ba2 Gd1 Te4,0
Gd1 Be2 Te4,0
Gd1 Bi2 Te4,0
Ca2 Gd1 Te4,0
Gd1 Cd2 Te4,0
Ce2 Gd1 Te4,0
Gd1 Co2 Te4,0
Gd1 Cr2 Te4,0
Gd1 Cu2 Te4,0
Gd1 Dy2 Te4,0
Gd1 Er2 Te4,0
Gd1 Eu2 Te4,0
Gd1 Fe2 Te4,0
Gd1 Ga2 Te4,0
Gd3 Te4,0
Gd1 Ge2 Te4,0
Gd1 Hf2 Te4,0
Gd1 Hg2 Te4,0
Gd1 Ho2 Te4,0
Gd1 In2 Te4,0
La2 Gd1 Te4,0
Gd1 Lu2 Te4,0
Gd1 Mg2 Te4,0
Gd1 Mn2 Te4,0
Gd1 Nb2 Te4,0
Nd2 Gd1 Te4,0
Gd1 Ni2 Te4,0
Gd1 Te4 Pb2,0
Pr2 Gd1 Te4,0
Gd1 Re2 Te4,0
Gd1 Sb2 Te4,0
Gd1 Sc2 Te4,0
Gd1 Si2 Te4,0
Sm2 Gd1 Te4,0
Gd1 Sn2 Te4,0
Sr2 Gd1 Te4,0
Gd1 Ta2 Te4,0
Tb2 Gd1 Te4,0
Gd1 Ti2 Te4,0
Gd1 Tl2 Te4,0
Gd1 Tm2 Te4,0
Gd1 V2 Te4,0
Gd1 Te4 W2,0
Gd1 Y2 Te4,0
Yb2 Gd1 Te4,0
Gd1 Zn2 Te4,0
Gd1 Zr2 Te4,0
Ag2 Ge1 Te4,0
Al2 Ge1 Te4,0
Ge1 B2 Te4,0
Ba2 Ge1 Te4,0
Be2 Ge1 Te4,0
Ge1 Bi2 Te4,0
Ca2 Ge1 Te4,0
Cd2 Ge1 Te4,0
Ce2 Ge1 Te4,0
Co2 Ge1 Te4,0
Cr2 Ge1 Te4,0
Cu2 Ge1 Te4,0
Dy2 Ge1 Te4,0
Er2 Ge1 Te4,0
Eu2 Ge1 Te4,0
Fe2 Ge1 Te4,0
Ga2 Ge1 Te4,0
Gd2 Ge1 Te4,0
Ge3 Te4,0
Hf2 Ge1 Te4,0
Hg2 Ge1 Te4,0
Ho2 Ge1 Te4,0
In2 Ge1 Te4,0
La2 Ge1 Te4,0
Lu2 Ge1 Te4,0
Mg2 Ge1 Te4,0
Mn2 Ge1 Te4,0
Nb2 Ge1 Te4,0
Nd2 Ge1 Te4,0
Ni2 Ge1 Te4,0
Ge1 Te4 Pb2,0
Pr2 Ge1 Te4,0
Re2 Ge1 Te4,0
Ge1 Sb2 Te4,0
Sc2 Ge1 Te4,0
Si2 Ge1 Te4,0
Sm2 Ge1 Te4,0
Sn2 Ge1 Te4,0
Sr2 Ge1 Te4,0
Ta2 Ge1 Te4,0
Tb2 Ge1 Te4,0
Ti2 Ge1 Te4,0
Tl2 Ge1 Te4,0
Tm2 Ge1 Te4,0
V2 Ge1 Te4,0
Ge1 Te4 W2,0
Y2 Ge1 Te4,0
Yb2 Ge1 Te4,0
Zn2 Ge1 Te4,0
Zr2 Ge1 Te4,0
Hf1 Ag2 Te4,0
Hf1 Al2 Te4,0
Hf1 B2 Te4,0
Ba2 Hf1 Te4,0
Hf1 Be2 Te4,0
Hf1 Bi2 Te4,0
Ca2 Hf1 Te4,0
Hf1 Cd2 Te4,0
Ce2 Hf1 Te4,0
Hf1 Co2 Te4,0
Hf1 Cr2 Te4,0
Hf1 Cu2 Te4,0
Dy2 Hf1 Te4,0
Er2 Hf1 Te4,0
Eu2 Hf1 Te4,0
Hf1 Fe2 Te4,0
Hf1 Ga2 Te4,0
Gd2 Hf1 Te4,0
Hf1 Ge2 Te4,0
Hf3 Te4,0
Hf1 Hg2 Te4,0
Ho2 Hf1 Te4,0
Hf1 In2 Te4,0
La2 Hf1 Te4,0
Lu2 Hf1 Te4,0
Hf1 Mg2 Te4,0
Hf1 Mn2 Te4,0
Hf1 Nb2 Te4,0
Nd2 Hf1 Te4,0
Hf1 Ni2 Te4,0
Hf1 Te4 Pb2,0
Pr2 Hf1 Te4,0
Hf1 Re2 Te4,0
Hf1 Sb2 Te4,0
Hf1 Sc2 Te4,0
Hf1 Si2 Te4,0
Sm2 Hf1 Te4,0
Hf1 Sn2 Te4,0
Sr2 Hf1 Te4,0
Hf1 Ta2 Te4,0
Tb2 Hf1 Te4,0
Hf1 Ti2 Te4,0
Hf1 Tl2 Te4,0
Tm2 Hf1 Te4,0
Hf1 V2 Te4,0
Hf1 Te4 W2,0
Y2 Hf1 Te4,0
Yb2 Hf1 Te4,0
Hf1 Zn2 Te4,0
Hf1 Zr2 Te4,0
Ag2 Hg1 Te4,0
Al2 Hg1 Te4,0
Hg1 B2 Te4,0
Hg1 Bi2 Te4,0
Ce2 Hg1 Te4,0
Co2 Hg1 Te4,0
Cr2 Hg1 Te4,0
Cu2 Hg1 Te4,0
Dy2 Hg1 Te4,0
Er2 Hg1 Te4,0
Eu2 Hg1 Te4,0
Fe2 Hg1 Te4,0
Ga2 Hg1 Te4,0
Gd2 Hg1 Te4,0
Hg1 Ge2 Te4,0
Hf2 Hg1 Te4,0
Ho2 Hg1 Te4,0
In2 Hg1 Te4,0
La2 Hg1 Te4,0
Lu2 Hg1 Te4,0
Mn2 Hg1 Te4,0
Nb2 Hg1 Te4,0
Nd2 Hg1 Te4,0
Ni2 Hg1 Te4,0
Hg1 Te4 Pb2,0
Pr2 Hg1 Te4,0
Re2 Hg1 Te4,0
Hg1 Sb2 Te4,0
Sc2 Hg1 Te4,0
Si2 Hg1 Te4,0
Sm2 Hg1 Te4,0
Sn2 Hg1 Te4,0
Sr2 Hg1 Te4,0
Ta2 Hg1 Te4,0
Tb2 Hg1 Te4,0
Ti2 Hg1 Te4,0
Tl2 Hg1 Te4,0
Tm2 Hg1 Te4,0
V2 Hg1 Te4,0
Hg1 Te4 W2,0
Y2 Hg1 Te4,0
Yb2 Hg1 Te4,0
Zn2 Hg1 Te4,0
Zr2 Hg1 Te4,0
Ho1 Ag2 Te4,0
Ho1 Al2 Te4,0
Ho1 B2 Te4,0
Ho1 Bi2 Te4,0
Ce2 Ho1 Te4,0
Ho1 Co2 Te4,0
Ho1 Cr2 Te4,0
Ho1 Cu2 Te4,0
Dy2 Ho1 Te4,0
Ho1 Er2 Te4,0
Eu2 Ho1 Te4,0
Ho1 Fe2 Te4,0
Ho1 Ga2 Te4,0
Gd2 Ho1 Te4,0
Ho1 Ge2 Te4,0
Ho1 Hf2 Te4,0
Ho3 Te4,0
Ho1 In2 Te4,0
La2 Ho1 Te4,0
Ho1 Lu2 Te4,0
Ho1 Mn2 Te4,0
Ho1 Nb2 Te4,0
Nd2 Ho1 Te4,0
Ho1 Ni2 Te4,0
Ho1 Te4 Pb2,0
Pr2 Ho1 Te4,0
Ho1 Re2 Te4,0
Ho1 Sb2 Te4,0
Ho1 Sc2 Te4,0
Ho1 Si2 Te4,0
Sm2 Ho1 Te4,0
Ho1 Sn2 Te4,0
Sr2 Ho1 Te4,0
Ho1 Ta2 Te4,0
Tb2 Ho1 Te4,0
Ho1 Ti2 Te4,0
Ho1 Tl2 Te4,0
Ho1 Tm2 Te4,0
Ho1 V2 Te4,0
Ho1 Te4 W2,0
Y2 Ho1 Te4,0
Yb2 Ho1 Te4,0
Ho1 Zn2 Te4,0
Ho1 Zr2 Te4,0
In1 Ag2 Te4,0
Al2 In1 Te4,0
In1 B2 Te4,0
In1 Bi2 Te4,0
Ce2 In1 Te4,0
In1 Co2 Te4,0
Cr2 In1 Te4,0
In1 Cu2 Te4,0
Dy2 In1 Te4,0
Er2 In1 Te4,0
Eu2 In1 Te4,0
In1 Fe2 Te4,0
In1 Ga2 Te4,0
Gd2 In1 Te4,0
In1 Ge2 Te4,0
Hf2 In1 Te4,0
Ho2 In1 Te4,0
In3 Te4,0
La2 In1 Te4,0
Lu2 In1 Te4,0
Mn2 In1 Te4,0
Nb2 In1 Te4,0
Nd2 In1 Te4,0
In1 Ni2 Te4,0
In1 Te4 Pb2,0
Pr2 In1 Te4,0
In1 Re2 Te4,0
In1 Sb2 Te4,0
Sc2 In1 Te4,0
In1 Si2 Te4,0
Sm2 In1 Te4,0
In1 Sn2 Te4,0
Sr2 In1 Te4,0
Ta2 In1 Te4,0
Tb2 In1 Te4,0
Ti2 In1 Te4,0
Tl2 In1 Te4,0
Tm2 In1 Te4,0
V2 In1 Te4,0
In1 Te4 W2,0
Y2 In1 Te4,0
Yb2 In1 Te4,0
Zn2 In1 Te4,0
Zr2 In1 Te4,0
K1 Bi2 Te4,0
K1 Ce2 Te4,0
K1 Co2 Te4,0
K1 Cr2 Te4,0
K1 Cu2 Te4,0
K1 Dy2 Te4,0
K1 Er2 Te4,0
K1 Eu2 Te4,0
K1 Fe2 Te4,0
K1 Ga2 Te4,0
K1 Gd2 Te4,0
K1 Ge2 Te4,0
K1 Hf2 Te4,0
K1 La2 Te4,0
K1 Mn2 Te4,0
K1 Nb2 Te4,0
K1 Nd2 Te4,0
K1 Ni2 Te4,0
K1 Te4 Pb2,0
K1 Pr2 Te4,0
K1 Re2 Te4,0
K1 Sb2 Te4,0
K1 Si2 Te4,0
K1 Sm2 Te4,0
K1 Sn2 Te4,0
K1 Ta2 Te4,0
K1 Tb2 Te4,0
K1 Ti2 Te4,0
K1 V2 Te4,0
K1 Te4 W2,0
K1 Y2 Te4,0
K1 Yb2 Te4,0
K1 Zn2 Te4,0
K1 Zr2 Te4,0
La1 Ag2 Te4,0
La1 Al2 Te4,0
La1 B2 Te4,0
Ba2 La1 Te4,0
La1 Be2 Te4,0
La1 Bi2 Te4,0
Ca2 La1 Te4,0
La1 Cd2 Te4,0
La1 Ce2 Te4,0
La1 Co2 Te4,0
La1 Cr2 Te4,0
La1 Cu2 Te4,0
La1 Dy2 Te4,0
La1 Er2 Te4,0
La1 Eu2 Te4,0
La1 Fe2 Te4,0
La1 Ga2 Te4,0
La1 Gd2 Te4,0
La1 Ge2 Te4,0
La1 Hf2 Te4,0
La1 Hg2 Te4,0
La1 Ho2 Te4,0
La1 In2 Te4,0
La3 Te4,0
La1 Lu2 Te4,0
La1 Mg2 Te4,0
La1 Mn2 Te4,0
La1 Nb2 Te4,0
La1 Nd2 Te4,0
La1 Ni2 Te4,0
La1 Te4 Pb2,0
La1 Pr2 Te4,0
La1 Re2 Te4,0
La1 Sb2 Te4,0
La1 Sc2 Te4,0
La1 Si2 Te4,0
La1 Sm2 Te4,0
La1 Sn2 Te4,0
Sr2 La1 Te4,0
La1 Ta2 Te4,0
La1 Tb2 Te4,0
La1 Ti2 Te4,0
La1 Tl2 Te4,0
La1 Tm2 Te4,0
La1 V2 Te4,0
La1 Te4 W2,0
La1 Y2 Te4,0
La1 Yb2 Te4,0
La1 Zn2 Te4,0
La1 Zr2 Te4,0
Li1 Bi2 Te4,0
Li1 Ce2 Te4,0
Li1 Co2 Te4,0
Li1 Cr2 Te4,0
Li1 Cu2 Te4,0
Li1 Dy2 Te4,0
Li1 Er2 Te4,0
Li1 Eu2 Te4,0
Li1 Fe2 Te4,0
Li1 Ga2 Te4,0
Li1 Gd2 Te4,0
Li1 Ge2 Te4,0
Li1 Hf2 Te4,0
Li1 La2 Te4,0
Li1 Mn2 Te4,0
Li1 Nb2 Te4,0
Li1 Nd2 Te4,0
Li1 Ni2 Te4,0
Li1 Te4 Pb2,0
Li1 Pr2 Te4,0
Li1 Re2 Te4,0
Li1 Sb2 Te4,0
Li1 Si2 Te4,0
Li1 Sm2 Te4,0
Li1 Sn2 Te4,0
Li1 Ta2 Te4,0
Li1 Tb2 Te4,0
Li1 Ti2 Te4,0
Li1 V2 Te4,0
Li1 Te4 W2,0
Li1 Y2 Te4,0
Li1 Yb2 Te4,0
Li1 Zn2 Te4,0
Li1 Zr2 Te4,0
Lu1 Ag2 Te4,0
Lu1 Al2 Te4,0
Lu1 B2 Te4,0
Lu1 Bi2 Te4,0
Ce2 Lu1 Te4,0
Lu1 Co2 Te4,0
Lu1 Cr2 Te4,0
Lu1 Cu2 Te4,0
Dy2 Lu1 Te4,0
Er2 Lu1 Te4,0
Eu2 Lu1 Te4,0
Lu1 Fe2 Te4,0
Lu1 Ga2 Te4,0
Gd2 Lu1 Te4,0
Lu1 Ge2 Te4,0
Lu1 Hf2 Te4,0
Ho2 Lu1 Te4,0
Lu1 In2 Te4,0
La2 Lu1 Te4,0
Lu3 Te4,0
Lu1 Mn2 Te4,0
Lu1 Nb2 Te4,0
Nd2 Lu1 Te4,0
Lu1 Ni2 Te4,0
Lu1 Te4 Pb2,0
Pr2 Lu1 Te4,0
Lu1 Re2 Te4,0
Lu1 Sb2 Te4,0
Lu1 Sc2 Te4,0
Lu1 Si2 Te4,0
Sm2 Lu1 Te4,0
Lu1 Sn2 Te4,0
Sr2 Lu1 Te4,0
Lu1 Ta2 Te4,0
Tb2 Lu1 Te4,0
Lu1 Ti2 Te4,0
Lu1 Tl2 Te4,0
Tm2 Lu1 Te4,0
Lu1 V2 Te4,0
Lu1 Te4 W2,0
Y2 Lu1 Te4,0
Yb2 Lu1 Te4,0
Lu1 Zn2 Te4,0
Lu1 Zr2 Te4,0
Mg1 Ag2 Te4,0
Mg1 Al2 Te4,0
Mg1 B2 Te4,0
Mg1 Bi2 Te4,0
Ce2 Mg1 Te4,0
Mg1 Co2 Te4,0
Mg1 Cr2 Te4,0
Mg1 Cu2 Te4,0
Dy2 Mg1 Te4,0
Er2 Mg1 Te4,0
Eu2 Mg1 Te4,0
Mg1 Fe2 Te4,0
Mg1 Ga2 Te4,0
Gd2 Mg1 Te4,0
Mg1 Ge2 Te4,0
Hf2 Mg1 Te4,0
Ho2 Mg1 Te4,0
Mg1 In2 Te4,0
La2 Mg1 Te4,0
Lu2 Mg1 Te4,0
Mg1 Mn2 Te4,0
Mg1 Nb2 Te4,0
Nd2 Mg1 Te4,0
Mg1 Ni2 Te4,0
Mg1 Te4 Pb2,0
Pr2 Mg1 Te4,0
Mg1 Re2 Te4,0
Mg1 Sb2 Te4,0
Mg1 Sc2 Te4,0
Mg1 Si2 Te4,0
Sm2 Mg1 Te4,0
Mg1 Sn2 Te4,0
Sr2 Mg1 Te4,0
Mg1 Ta2 Te4,0
Tb2 Mg1 Te4,0
Mg1 Ti2 Te4,0
Mg1 Tl2 Te4,0
Tm2 Mg1 Te4,0
Mg1 V2 Te4,0
Mg1 Te4 W2,0
Y2 Mg1 Te4,0
Yb2 Mg1 Te4,0
Mg1 Zn2 Te4,0
Mg1 Zr2 Te4,0
Mn1 Ag2 Te4,0
Mn1 Al2 Te4,0
Mn1 B2 Te4,0
Ba2 Mn1 Te4,0
Mn1 Be2 Te4,0
Mn1 Bi2 Te4,0
Ca2 Mn1 Te4,0
Mn1 Cd2 Te4,0
Ce2 Mn1 Te4,0
Mn1 Co2 Te4,0
Mn1 Cr2 Te4,0
Cs2 Mn1 Te4,0
Mn1 Cu2 Te4,0
Dy2 Mn1 Te4,0
Er2 Mn1 Te4,0
Eu2 Mn1 Te4,0
Mn1 Fe2 Te4,0
Mn1 Ga2 Te4,0
Gd2 Mn1 Te4,0
Mn1 Ge2 Te4,0
Hf2 Mn1 Te4,0
Mn1 Hg2 Te4,0
Ho2 Mn1 Te4,0
Mn1 In2 Te4,0
K2 Mn1 Te4,0
La2 Mn1 Te4,0
Li2 Mn1 Te4,0
Lu2 Mn1 Te4,0
Mg2 Mn1 Te4,0
Mn3 Te4,0
Na2 Mn1 Te4,0
Mn1 Nb2 Te4,0
Nd2 Mn1 Te4,0
Mn1 Ni2 Te4,0
Mn1 Te4 Pb2,0
Pr2 Mn1 Te4,0
Rb2 Mn1 Te4,0
Mn1 Re2 Te4,0
Mn1 Sb2 Te4,0
Sc2 Mn1 Te4,0
Mn1 Si2 Te4,0
Sm2 Mn1 Te4,0
Mn1 Sn2 Te4,0
Sr2 Mn1 Te4,0
Ta2 Mn1 Te4,0
Tb2 Mn1 Te4,0
Ti2 Mn1 Te4,0
Mn1 Tl2 Te4,0
Tm2 Mn1 Te4,0
Mn1 V2 Te4,0
Mn1 Te4 W2,0
Y2 Mn1 Te4,0
Yb2 Mn1 Te4,0
Mn1 Zn2 Te4,0
Zr2 Mn1 Te4,0
Na1 Bi2 Te4,0
Na1 Ce2 Te4,0
Na1 Co2 Te4,0
Na1 Cr2 Te4,0
Na1 Cu2 Te4,0
Na1 Dy2 Te4,0
Na1 Er2 Te4,0
Na1 Eu2 Te4,0
Na1 Fe2 Te4,0
Na1 Ga2 Te4,0
Na1 Gd2 Te4,0
Na1 Ge2 Te4,0
Na1 Hf2 Te4,0
Na1 La2 Te4,0
Na1 Mn2 Te4,0
Na1 Nb2 Te4,0
Na1 Nd2 Te4,0
Na1 Ni2 Te4,0
Na1 Te4 Pb2,0
Na1 Pr2 Te4,0
Na1 Re2 Te4,0
Na1 Sb2 Te4,0
Na1 Si2 Te4,0
Na1 Sm2 Te4,0
Na1 Sn2 Te4,0
Na1 Ta2 Te4,0
Na1 Tb2 Te4,0
Na1 Ti2 Te4,0
Na1 V2 Te4,0
Na1 Te4 W2,0
Na1 Y2 Te4,0
Na1 Yb2 Te4,0
Na1 Zn2 Te4,0
Na1 Zr2 Te4,0
Nb1 Ag2 Te4,0
Nb1 Al2 Te4,0
Nb1 B2 Te4,0
Ba2 Nb1 Te4,0
Be2 Nb1 Te4,0
Nb1 Bi2 Te4,0
Ca2 Nb1 Te4,0
Nb1 Cd2 Te4,0
Ce2 Nb1 Te4,0
Nb1 Co2 Te4,0
Nb1 Cr2 Te4,0
Cs2 Nb1 Te4,0
Nb1 Cu2 Te4,0
Dy2 Nb1 Te4,0
Er2 Nb1 Te4,0
Eu2 Nb1 Te4,0
Nb1 Fe2 Te4,0
Nb1 Ga2 Te4,0
Gd2 Nb1 Te4,0
Nb1 Ge2 Te4,0
Hf2 Nb1 Te4,0
Nb1 Hg2 Te4,0
Ho2 Nb1 Te4,0
Nb1 In2 Te4,0
K2 Nb1 Te4,0
La2 Nb1 Te4,0
Li2 Nb1 Te4,0
Lu2 Nb1 Te4,0
Mg2 Nb1 Te4,0
Mn2 Nb1 Te4,0
Na2 Nb1 Te4,0
Nb3 Te4,0
Nd2 Nb1 Te4,0
Nb1 Ni2 Te4,0
Nb1 Te4 Pb2,0
Pr2 Nb1 Te4,0
Rb2 Nb1 Te4,0
Nb1 Re2 Te4,0
Nb1 Sb2 Te4,0
Sc2 Nb1 Te4,0
Nb1 Si2 Te4,0
Sm2 Nb1 Te4,0
Nb1 Sn2 Te4,0
Sr2 Nb1 Te4,0
Ta2 Nb1 Te4,0
Tb2 Nb1 Te4,0
Ti2 Nb1 Te4,0
Nb1 Tl2 Te4,0
Tm2 Nb1 Te4,0
Nb1 V2 Te4,0
Nb1 Te4 W2,0
Y2 Nb1 Te4,0
Yb2 Nb1 Te4,0
Nb1 Zn2 Te4,0
Zr2 Nb1 Te4,0
Nd1 Ag2 Te4,0
Nd1 Al2 Te4,0
Nd1 B2 Te4,0
Ba2 Nd1 Te4,0
Nd1 Be2 Te4,0
Nd1 Bi2 Te4,0
Ca2 Nd1 Te4,0
Nd1 Cd2 Te4,0
Ce2 Nd1 Te4,0
Nd1 Co2 Te4,0
Nd1 Cr2 Te4,0
Nd1 Cu2 Te4,0
Nd1 Dy2 Te4,0
Nd1 Er2 Te4,0
Nd1 Eu2 Te4,0
Nd1 Fe2 Te4,0
Nd1 Ga2 Te4,0
Nd1 Gd2 Te4,0
Nd1 Ge2 Te4,0
Nd1 Hf2 Te4,0
Nd1 Hg2 Te4,0
Nd1 Ho2 Te4,0
Nd1 In2 Te4,0
La2 Nd1 Te4,0
Nd1 Lu2 Te4,0
Nd1 Mg2 Te4,0
Nd1 Mn2 Te4,0
Nd1 Nb2 Te4,0
Nd3 Te4,0
Nd1 Ni2 Te4,0
Nd1 Te4 Pb2,0
Pr2 Nd1 Te4,0
Nd1 Re2 Te4,0
Nd1 Sb2 Te4,0
Nd1 Sc2 Te4,0
Nd1 Si2 Te4,0
Nd1 Sm2 Te4,0
Nd1 Sn2 Te4,0
Sr2 Nd1 Te4,0
Nd1 Ta2 Te4,0
Tb2 Nd1 Te4,0
Nd1 Ti2 Te4,0
Nd1 Tl2 Te4,0
Nd1 Tm2 Te4,0
Nd1 V2 Te4,0
Nd1 Te4 W2,0
Nd1 Y2 Te4,0
Yb2 Nd1 Te4,0
Nd1 Zn2 Te4,0
Nd1 Zr2 Te4,0
Ni1 Ag2 Te4,0
Al2 Ni1 Te4,0
Ni1 B2 Te4,0
Ba2 Ni1 Te4,0
Be2 Ni1 Te4,0
Ni1 Bi2 Te4,0
Ca2 Ni1 Te4,0
Cd2 Ni1 Te4,0
Ce2 Ni1 Te4,0
Co2 Ni1 Te4,0
Cr2 Ni1 Te4,0
Cu2 Ni1 Te4,0
Dy2 Ni1 Te4,0
Er2 Ni1 Te4,0
Eu2 Ni1 Te4,0
Fe2 Ni1 Te4,0
Ga2 Ni1 Te4,0
Gd2 Ni1 Te4,0
Ni1 Ge2 Te4,0
Hf2 Ni1 Te4,0
Ni1 Hg2 Te4,0
Ho2 Ni1 Te4,0
In2 Ni1 Te4,0
La2 Ni1 Te4,0
Lu2 Ni1 Te4,0
Mg2 Ni1 Te4,0
Mn2 Ni1 Te4,0
Nb2 Ni1 Te4,0
Nd2 Ni1 Te4,0
Ni3 Te4,0
Ni1 Te4 Pb2,0
Pr2 Ni1 Te4,0
Re2 Ni1 Te4,0
Ni1 Sb2 Te4,0
Sc2 Ni1 Te4,0
Si2 Ni1 Te4,0
Sm2 Ni1 Te4,0
Ni1 Sn2 Te4,0
Sr2 Ni1 Te4,0
Ta2 Ni1 Te4,0
Tb2 Ni1 Te4,0
Ti2 Ni1 Te4,0
Tl2 Ni1 Te4,0
Tm2 Ni1 Te4,0
V2 Ni1 Te4,0
Ni1 Te4 W2,0
Y2 Ni1 Te4,0
Yb2 Ni1 Te4,0
Zn2 Ni1 Te4,0
Zr2 Ni1 Te4,0
Ag2 Te4 Pb1,0
Al2 Te4 Pb1,0
B2 Te4 Pb1,0
Ba2 Te4 Pb1,0
Be2 Te4 Pb1,0
Bi2 Te4 Pb1,0
Ca2 Te4 Pb1,0
Cd2 Te4 Pb1,0
Ce2 Te4 Pb1,0
Co2 Te4 Pb1,0
Cr2 Te4 Pb1,0
Cu2 Te4 Pb1,0
Dy2 Te4 Pb1,0
Er2 Te4 Pb1,0
Eu2 Te4 Pb1,0
Fe2 Te4 Pb1,0
Ga2 Te4 Pb1,0
Gd2 Te4 Pb1,0
Ge2 Te4 Pb1,0
Hf2 Te4 Pb1,0
Hg2 Te4 Pb1,0
Ho2 Te4 Pb1,0
In2 Te4 Pb1,0
La2 Te4 Pb1,0
Lu2 Te4 Pb1,0
Mg2 Te4 Pb1,0
Mn2 Te4 Pb1,0
Nb2 Te4 Pb1,0
Nd2 Te4 Pb1,0
Ni2 Te4 Pb1,0
Te4 Pb3,0
Pr2 Te4 Pb1,0
Re2 Te4 Pb1,0
Sb2 Te4 Pb1,0
Sc2 Te4 Pb1,0
Si2 Te4 Pb1,0
Sm2 Te4 Pb1,0
Sn2 Te4 Pb1,0
Sr2 Te4 Pb1,0
Ta2 Te4 Pb1,0
Tb2 Te4 Pb1,0
Ti2 Te4 Pb1,0
Tl2 Te4 Pb1,0
Tm2 Te4 Pb1,0
V2 Te4 Pb1,0
Te4 Pb1 W2,0
Y2 Te4 Pb1,0
Yb2 Te4 Pb1,0
Zn2 Te4 Pb1,0
Zr2 Te4 Pb1,0
Pr1 Ag2 Te4,0
Pr1 Al2 Te4,0
Pr1 B2 Te4,0
Ba2 Pr1 Te4,0
Pr1 Be2 Te4,0
Pr1 Bi2 Te4,0
Ca2 Pr1 Te4,0
Pr1 Cd2 Te4,0
Ce2 Pr1 Te4,0
Pr1 Co2 Te4,0
Pr1 Cr2 Te4,0
Pr1 Cu2 Te4,0
Pr1 Dy2 Te4,0
Pr1 Er2 Te4,0
Pr1 Eu2 Te4,0
Pr1 Fe2 Te4,0
Pr1 Ga2 Te4,0
Pr1 Gd2 Te4,0
Pr1 Ge2 Te4,0
Pr1 Hf2 Te4,0
Pr1 Hg2 Te4,0
Pr1 Ho2 Te4,0
Pr1 In2 Te4,0
La2 Pr1 Te4,0
Pr1 Lu2 Te4,0
Pr1 Mg2 Te4,0
Pr1 Mn2 Te4,0
Pr1 Nb2 Te4,0
Pr1 Nd2 Te4,0
Pr1 Ni2 Te4,0
Pr1 Te4 Pb2,0
Pr3 Te4,0
Pr1 Re2 Te4,0
Pr1 Sb2 Te4,0
Pr1 Sc2 Te4,0
Pr1 Si2 Te4,0
Pr1 Sm2 Te4,0
Pr1 Sn2 Te4,0
Sr2 Pr1 Te4,0
Pr1 Ta2 Te4,0
Tb2 Pr1 Te4,0
Pr1 Ti2 Te4,0
Pr1 Tl2 Te4,0
Pr1 Tm2 Te4,0
Pr1 V2 Te4,0
Pr1 Te4 W2,0
Pr1 Y2 Te4,0
Yb2 Pr1 Te4,0
Pr1 Zn2 Te4,0
Pr1 Zr2 Te4,0
Rb1 Bi2 Te4,0
Rb1 Ce2 Te4,0
Rb1 Co2 Te4,0
Rb1 Cr2 Te4,0
Rb1 Cu2 Te4,0
Rb1 Dy2 Te4,0
Rb1 Er2 Te4,0
Rb1 Eu2 Te4,0
Rb1 Fe2 Te4,0
Rb1 Ga2 Te4,0
Rb1 Gd2 Te4,0
Rb1 Ge2 Te4,0
Rb1 Hf2 Te4,0
Rb1 La2 Te4,0
Rb1 Mn2 Te4,0
Rb1 Nb2 Te4,0
Rb1 Nd2 Te4,0
Rb1 Ni2 Te4,0
Rb1 Te4 Pb2,0
Rb1 Pr2 Te4,0
Rb1 Re2 Te4,0
Rb1 Sb2 Te4,0
Rb1 Si2 Te4,0
Rb1 Sm2 Te4,0
Rb1 Sn2 Te4,0
Rb1 Ta2 Te4,0
Rb1 Tb2 Te4,0
Rb1 Ti2 Te4,0
Rb1 V2 Te4,0
Rb1 Te4 W2,0
Rb1 Y2 Te4,0
Rb1 Yb2 Te4,0
Rb1 Zn2 Te4,0
Rb1 Zr2 Te4,0
Re1 Ag2 Te4,0
Al2 Re1 Te4,0
Re1 B2 Te4,0
Ba2 Re1 Te4,0
Be2 Re1 Te4,0
Re1 Bi2 Te4,0
Ca2 Re1 Te4,0
Cd2 Re1 Te4,0
Ce2 Re1 Te4,0
Co2 Re1 Te4,0
Cr2 Re1 Te4,0
Cs2 Re1 Te4,0
Re1 Cu2 Te4,0
Dy2 Re1 Te4,0
Er2 Re1 Te4,0
Eu2 Re1 Te4,0
Fe2 Re1 Te4,0
Ga2 Re1 Te4,0
Gd2 Re1 Te4,0
Re1 Ge2 Te4,0
Hf2 Re1 Te4,0
Re1 Hg2 Te4,0
Ho2 Re1 Te4,0
In2 Re1 Te4,0
K2 Re1 Te4,0
La2 Re1 Te4,0
Li2 Re1 Te4,0
Lu2 Re1 Te4,0
Mg2 Re1 Te4,0
Mn2 Re1 Te4,0
Na2 Re1 Te4,0
Nb2 Re1 Te4,0
Nd2 Re1 Te4,0
Re1 Ni2 Te4,0
Re1 Te4 Pb2,0
Pr2 Re1 Te4,0
Rb2 Re1 Te4,0
Re3 Te4,0
Re1 Sb2 Te4,0
Sc2 Re1 Te4,0
Re1 Si2 Te4,0
Sm2 Re1 Te4,0
Re1 Sn2 Te4,0
Sr2 Re1 Te4,0
Ta2 Re1 Te4,0
Tb2 Re1 Te4,0
Ti2 Re1 Te4,0
Tl2 Re1 Te4,0
Tm2 Re1 Te4,0
V2 Re1 Te4,0
Re1 Te4 W2,0
Y2 Re1 Te4,0
Yb2 Re1 Te4,0
Zn2 Re1 Te4,0
Zr2 Re1 Te4,0
Ag2 Sb1 Te4,0
Al2 Sb1 Te4,0
B2 Sb1 Te4,0
Ba2 Sb1 Te4,0
Be2 Sb1 Te4,0
Bi2 Sb1 Te4,0
Ca2 Sb1 Te4,0
Cd2 Sb1 Te4,0
Ce2 Sb1 Te4,0
Co2 Sb1 Te4,0
Cr2 Sb1 Te4,0
Cu2 Sb1 Te4,0
Dy2 Sb1 Te4,0
Er2 Sb1 Te4,0
Eu2 Sb1 Te4,0
Fe2 Sb1 Te4,0
Ga2 Sb1 Te4,0
Gd2 Sb1 Te4,0
Ge2 Sb1 Te4,0
Hf2 Sb1 Te4,0
Hg2 Sb1 Te4,0
Ho2 Sb1 Te4,0
In2 Sb1 Te4,0
La2 Sb1 Te4,0
Lu2 Sb1 Te4,0
Mg2 Sb1 Te4,0
Mn2 Sb1 Te4,0
Nb2 Sb1 Te4,0
Nd2 Sb1 Te4,0
Ni2 Sb1 Te4,0
Sb1 Te4 Pb2,0
Pr2 Sb1 Te4,0
Re2 Sb1 Te4,0
Sb3 Te4,0
Sc2 Sb1 Te4,0
Si2 Sb1 Te4,0
Sm2 Sb1 Te4,0
Sn2 Sb1 Te4,0
Sr2 Sb1 Te4,0
Ta2 Sb1 Te4,0
Tb2 Sb1 Te4,0
Ti2 Sb1 Te4,0
Tl2 Sb1 Te4,0
Tm2 Sb1 Te4,0
V2 Sb1 Te4,0
Sb1 Te4 W2,0
Y2 Sb1 Te4,0
Yb2 Sb1 Te4,0
Zn2 Sb1 Te4,0
Zr2 Sb1 Te4,0
Sc1 Ag2 Te4,0
Sc1 Al2 Te4,0
Sc1 B2 Te4,0
Sc1 Bi2 Te4,0
Ce2 Sc1 Te4,0
Sc1 Co2 Te4,0
Sc1 Cr2 Te4,0
Sc1 Cu2 Te4,0
Dy2 Sc1 Te4,0
Er2 Sc1 Te4,0
Eu2 Sc1 Te4,0
Sc1 Fe2 Te4,0
Sc1 Ga2 Te4,0
Gd2 Sc1 Te4,0
Sc1 Ge2 Te4,0
Hf2 Sc1 Te4,0
Ho2 Sc1 Te4,0
Sc1 In2 Te4,0
La2 Sc1 Te4,0
Lu2 Sc1 Te4,0
Sc1 Mn2 Te4,0
Sc1 Nb2 Te4,0
Nd2 Sc1 Te4,0
Sc1 Ni2 Te4,0
Sc1 Te4 Pb2,0
Pr2 Sc1 Te4,0
Sc1 Re2 Te4,0
Sc1 Sb2 Te4,0
Sc3 Te4,0
Sc1 Si2 Te4,0
Sm2 Sc1 Te4,0
Sc1 Sn2 Te4,0
Sr2 Sc1 Te4,0
Sc1 Ta2 Te4,0
Tb2 Sc1 Te4,0
Sc1 Ti2 Te4,0
Sc1 Tl2 Te4,0
Tm2 Sc1 Te4,0
Sc1 V2 Te4,0
Sc1 Te4 W2,0
Y2 Sc1 Te4,0
Yb2 Sc1 Te4,0
Sc1 Zn2 Te4,0
Zr2 Sc1 Te4,0
Si1 Ag2 Te4,0
Al2 Si1 Te4,0
Si1 B2 Te4,0
Ba2 Si1 Te4,0
Be2 Si1 Te4,0
Si1 Bi2 Te4,0
Ca2 Si1 Te4,0
Cd2 Si1 Te4,0
Ce2 Si1 Te4,0
Co2 Si1 Te4,0
Cr2 Si1 Te4,0
Si1 Cu2 Te4,0
Dy2 Si1 Te4,0
Er2 Si1 Te4,0
Eu2 Si1 Te4,0
Fe2 Si1 Te4,0
Ga2 Si1 Te4,0
Gd2 Si1 Te4,0
Si1 Ge2 Te4,0
Hf2 Si1 Te4,0
Si1 Hg2 Te4,0
Ho2 Si1 Te4,0
In2 Si1 Te4,0
La2 Si1 Te4,0
Lu2 Si1 Te4,0
Mg2 Si1 Te4,0
Mn2 Si1 Te4,0
Nb2 Si1 Te4,0
Nd2 Si1 Te4,0
Si1 Ni2 Te4,0
Si1 Te4 Pb2,0
Pr2 Si1 Te4,0
Si1 Re2 Te4,0
Si1 Sb2 Te4,0
Sc2 Si1 Te4,0
Si3 Te4,0
Sm2 Si1 Te4,0
Si1 Sn2 Te4,0
Sr2 Si1 Te4,0
Ta2 Si1 Te4,0
Tb2 Si1 Te4,0
Ti2 Si1 Te4,0
Tl2 Si1 Te4,0
Tm2 Si1 Te4,0
V2 Si1 Te4,0
Si1 Te4 W2,0
Y2 Si1 Te4,0
Yb2 Si1 Te4,0
Zn2 Si1 Te4,0
Zr2 Si1 Te4,0
Sm1 Ag2 Te4,0
Sm1 Al2 Te4,0
Sm1 B2 Te4,0
Ba2 Sm1 Te4,0
Sm1 Be2 Te4,0
Sm1 Bi2 Te4,0
Ca2 Sm1 Te4,0
Sm1 Cd2 Te4,0
Ce2 Sm1 Te4,0
Sm1 Co2 Te4,0
Sm1 Cr2 Te4,0
Sm1 Cu2 Te4,0
Sm1 Dy2 Te4,0
Sm1 Er2 Te4,0
Sm1 Eu2 Te4,0
Sm1 Fe2 Te4,0
Sm1 Ga2 Te4,0
Sm1 Gd2 Te4,0
Sm1 Ge2 Te4,0
Sm1 Hf2 Te4,0
Sm1 Hg2 Te4,0
Sm1 Ho2 Te4,0
Sm1 In2 Te4,0
La2 Sm1 Te4,0
Sm1 Lu2 Te4,0
Sm1 Mg2 Te4,0
Sm1 Mn2 Te4,0
Sm1 Nb2 Te4,0
Nd2 Sm1 Te4,0
Sm1 Ni2 Te4,0
Sm1 Te4 Pb2,0
Pr2 Sm1 Te4,0
Sm1 Re2 Te4,0
Sm1 Sb2 Te4,0
Sm1 Sc2 Te4,0
Sm1 Si2 Te4,0
Sm3 Te4,0
Sm1 Sn2 Te4,0
Sr2 Sm1 Te4,0
Sm1 Ta2 Te4,0
Tb2 Sm1 Te4,0
Sm1 Ti2 Te4,0
Sm1 Tl2 Te4,0
Sm1 Tm2 Te4,0
Sm1 V2 Te4,0
Sm1 Te4 W2,0
Sm1 Y2 Te4,0
Yb2 Sm1 Te4,0
Sm1 Zn2 Te4,0
Sm1 Zr2 Te4,0
Ag2 Sn1 Te4,0
Al2 Sn1 Te4,0
Sn1 B2 Te4,0
Ba2 Sn1 Te4,0
Be2 Sn1 Te4,0
Sn1 Bi2 Te4,0
Ca2 Sn1 Te4,0
Cd2 Sn1 Te4,0
Ce2 Sn1 Te4,0
Co2 Sn1 Te4,0
Cr2 Sn1 Te4,0
Cu2 Sn1 Te4,0
Dy2 Sn1 Te4,0
Er2 Sn1 Te4,0
Eu2 Sn1 Te4,0
Fe2 Sn1 Te4,0
Ga2 Sn1 Te4,0
Gd2 Sn1 Te4,0
Sn1 Ge2 Te4,0
Hf2 Sn1 Te4,0
Sn1 Hg2 Te4,0
Ho2 Sn1 Te4,0
In2 Sn1 Te4,0
La2 Sn1 Te4,0
Lu2 Sn1 Te4,0
Mg2 Sn1 Te4,0
Mn2 Sn1 Te4,0
Nb2 Sn1 Te4,0
Nd2 Sn1 Te4,0
Ni2 Sn1 Te4,0
Sn1 Te4 Pb2,0
Pr2 Sn1 Te4,0
Re2 Sn1 Te4,0
Sn1 Sb2 Te4,0
Sc2 Sn1 Te4,0
Si2 Sn1 Te4,0
Sm2 Sn1 Te4,0
Sn3 Te4,0
Sr2 Sn1 Te4,0
Ta2 Sn1 Te4,0
Tb2 Sn1 Te4,0
Ti2 Sn1 Te4,0
Tl2 Sn1 Te4,0
Tm2 Sn1 Te4,0
V2 Sn1 Te4,0
Sn1 Te4 W2,0
Y2 Sn1 Te4,0
Yb2 Sn1 Te4,0
Zn2 Sn1 Te4,0
Zr2 Sn1 Te4,0
Sr1 Ag2 Te4,0
Sr1 Al2 Te4,0
Sr1 B2 Te4,0
Ba2 Sr1 Te4,0
Sr1 Be2 Te4,0
Sr1 Bi2 Te4,0
Sr1 Ca2 Te4,0
Sr1 Cd2 Te4,0
Sr1 Ce2 Te4,0
Sr1 Co2 Te4,0
Sr1 Cr2 Te4,0
Sr1 Cu2 Te4,0
Sr1 Dy2 Te4,0
Sr1 Er2 Te4,0
Sr1 Eu2 Te4,0
Sr1 Fe2 Te4,0
Sr1 Ga2 Te4,0
Sr1 Gd2 Te4,0
Sr1 Ge2 Te4,0
Sr1 Hf2 Te4,0
Sr1 Hg2 Te4,0
Sr1 Ho2 Te4,0
Sr1 In2 Te4,0
Sr1 La2 Te4,0
Sr1 Lu2 Te4,0
Sr1 Mg2 Te4,0
Sr1 Mn2 Te4,0
Sr1 Nb2 Te4,0
Sr1 Nd2 Te4,0
Sr1 Ni2 Te4,0
Sr1 Te4 Pb2,0
Sr1 Pr2 Te4,0
Sr1 Re2 Te4,0
Sr1 Sb2 Te4,0
Sr1 Sc2 Te4,0
Sr1 Si2 Te4,0
Sr1 Sm2 Te4,0
Sr1 Sn2 Te4,0
Sr3 Te4,0
Sr1 Ta2 Te4,0
Sr1 Tb2 Te4,0
Sr1 Ti2 Te4,0
Sr1 Tl2 Te4,0
Sr1 Tm2 Te4,0
Sr1 V2 Te4,0
Sr1 Te4 W2,0
Sr1 Y2 Te4,0
Sr1 Yb2 Te4,0
Sr1 Zn2 Te4,0
Sr1 Zr2 Te4,0
Ta1 Ag2 Te4,0
Ta1 Al2 Te4,0
Ta1 B2 Te4,0
Ba2 Ta1 Te4,0
Ta1 Be2 Te4,0
Ta1 Bi2 Te4,0
Ca2 Ta1 Te4,0
Ta1 Cd2 Te4,0
Ce2 Ta1 Te4,0
Ta1 Co2 Te4,0
Ta1 Cr2 Te4,0
Cs2 Ta1 Te4,0
Ta1 Cu2 Te4,0
Dy2 Ta1 Te4,0
Er2 Ta1 Te4,0
Eu2 Ta1 Te4,0
Ta1 Fe2 Te4,0
Ta1 Ga2 Te4,0
Gd2 Ta1 Te4,0
Ta1 Ge2 Te4,0
Hf2 Ta1 Te4,0
Ta1 Hg2 Te4,0
Ho2 Ta1 Te4,0
Ta1 In2 Te4,0
K2 Ta1 Te4,0
La2 Ta1 Te4,0
Li2 Ta1 Te4,0
Lu2 Ta1 Te4,0
Mg2 Ta1 Te4,0
Ta1 Mn2 Te4,0
Na2 Ta1 Te4,0
Ta1 Nb2 Te4,0
Nd2 Ta1 Te4,0
Ta1 Ni2 Te4,0
Ta1 Te4 Pb2,0
Pr2 Ta1 Te4,0
Rb2 Ta1 Te4,0
Ta1 Re2 Te4,0
Ta1 Sb2 Te4,0
Sc2 Ta1 Te4,0
Ta1 Si2 Te4,0
Sm2 Ta1 Te4,0
Ta1 Sn2 Te4,0
Sr2 Ta1 Te4,0
Ta3 Te4,0
Tb2 Ta1 Te4,0
Ta1 Ti2 Te4,0
Ta1 Tl2 Te4,0
Tm2 Ta1 Te4,0
Ta1 V2 Te4,0
Ta1 Te4 W2,0
Y2 Ta1 Te4,0
Yb2 Ta1 Te4,0
Ta1 Zn2 Te4,0
Zr2 Ta1 Te4,0
Tb1 Ag2 Te4,0
Tb1 Al2 Te4,0
Tb1 B2 Te4,0
Ba2 Tb1 Te4,0
Tb1 Be2 Te4,0
Tb1 Bi2 Te4,0
Ca2 Tb1 Te4,0
Tb1 Cd2 Te4,0
Tb1 Ce2 Te4,0
Tb1 Co2 Te4,0
Tb1 Cr2 Te4,0
Tb1 Cu2 Te4,0
Tb1 Dy2 Te4,0
Tb1 Er2 Te4,0
Tb1 Eu2 Te4,0
Tb1 Fe2 Te4,0
Tb1 Ga2 Te4,0
Tb1 Gd2 Te4,0
Tb1 Ge2 Te4,0
Tb1 Hf2 Te4,0
Tb1 Hg2 Te4,0
Tb1 Ho2 Te4,0
Tb1 In2 Te4,0
Tb1 La2 Te4,0
Tb1 Lu2 Te4,0
Tb1 Mg2 Te4,0
Tb1 Mn2 Te4,0
Tb1 Nb2 Te4,0
Tb1 Nd2 Te4,0
Tb1 Ni2 Te4,0
Tb1 Te4 Pb2,0
Tb1 Pr2 Te4,0
Tb1 Re2 Te4,0
Tb1 Sb2 Te4,0
Tb1 Sc2 Te4,0
Tb1 Si2 Te4,0
Tb1 Sm2 Te4,0
Tb1 Sn2 Te4,0
Sr2 Tb1 Te4,0
Tb1 Ta2 Te4,0
Tb3 Te4,0
Tb1 Ti2 Te4,0
Tb1 Tl2 Te4,0
Tb1 Tm2 Te4,0
Tb1 V2 Te4,0
Tb1 Te4 W2,0
Tb1 Y2 Te4,0
Tb1 Yb2 Te4,0
Tb1 Zn2 Te4,0
Tb1 Zr2 Te4,0
Ti1 Ag2 Te4,0
Ti1 Al2 Te4,0
Ti1 B2 Te4,0
Ba2 Ti1 Te4,0
Ti1 Be2 Te4,0
Ti1 Bi2 Te4,0
Ca2 Ti1 Te4,0
Ti1 Cd2 Te4,0
Ce2 Ti1 Te4,0
Ti1 Co2 Te4,0
Ti1 Cr2 Te4,0
Ti1 Cu2 Te4,0
Dy2 Ti1 Te4,0
Er2 Ti1 Te4,0
Eu2 Ti1 Te4,0
Ti1 Fe2 Te4,0
Ti1 Ga2 Te4,0
Gd2 Ti1 Te4,0
Ti1 Ge2 Te4,0
Hf2 Ti1 Te4,0
Ti1 Hg2 Te4,0
Ho2 Ti1 Te4,0
Ti1 In2 Te4,0
La2 Ti1 Te4,0
Lu2 Ti1 Te4,0
Mg2 Ti1 Te4,0
Ti1 Mn2 Te4,0
Ti1 Nb2 Te4,0
Nd2 Ti1 Te4,0
Ti1 Ni2 Te4,0
Ti1 Te4 Pb2,0
Pr2 Ti1 Te4,0
Ti1 Re2 Te4,0
Ti1 Sb2 Te4,0
Sc2 Ti1 Te4,0
Ti1 Si2 Te4,0
Sm2 Ti1 Te4,0
Ti1 Sn2 Te4,0
Sr2 Ti1 Te4,0
Ta2 Ti1 Te4,0
Tb2 Ti1 Te4,0
Ti3 Te4,0
Ti1 Tl2 Te4,0
Tm2 Ti1 Te4,0
Ti1 V2 Te4,0
Ti1 Te4 W2,0
Y2 Ti1 Te4,0
Yb2 Ti1 Te4,0
Ti1 Zn2 Te4,0
Zr2 Ti1 Te4,0
Tl1 Ag2 Te4,0
Al2 Tl1 Te4,0
Tl1 B2 Te4,0
Tl1 Bi2 Te4,0
Ce2 Tl1 Te4,0
Tl1 Co2 Te4,0
Tl1 Cr2 Te4,0
Tl1 Cu2 Te4,0
Dy2 Tl1 Te4,0
Er2 Tl1 Te4,0
Eu2 Tl1 Te4,0
Tl1 Fe2 Te4,0
Tl1 Ga2 Te4,0
Gd2 Tl1 Te4,0
Tl1 Ge2 Te4,0
Hf2 Tl1 Te4,0
Ho2 Tl1 Te4,0
Tl1 In2 Te4,0
La2 Tl1 Te4,0
Lu2 Tl1 Te4,0
Mn2 Tl1 Te4,0
Nb2 Tl1 Te4,0
Nd2 Tl1 Te4,0
Tl1 Ni2 Te4,0
Tl1 Te4 Pb2,0
Pr2 Tl1 Te4,0
Tl1 Re2 Te4,0
Tl1 Sb2 Te4,0
Sc2 Tl1 Te4,0
Tl1 Si2 Te4,0
Sm2 Tl1 Te4,0
Tl1 Sn2 Te4,0
Sr2 Tl1 Te4,0
Ta2 Tl1 Te4,0
Tb2 Tl1 Te4,0
Ti2 Tl1 Te4,0
Tl3 Te4,0
Tm2 Tl1 Te4,0
Tl1 V2 Te4,0
Tl1 Te4 W2,0
Y2 Tl1 Te4,0
Yb2 Tl1 Te4,0
Tl1 Zn2 Te4,0
Zr2 Tl1 Te4,0
Tm1 Ag2 Te4,0
Tm1 Al2 Te4,0
Tm1 B2 Te4,0
Tm1 Bi2 Te4,0
Ce2 Tm1 Te4,0
Tm1 Co2 Te4,0
Tm1 Cr2 Te4,0
Tm1 Cu2 Te4,0
Dy2 Tm1 Te4,0
Er2 Tm1 Te4,0
Eu2 Tm1 Te4,0
Tm1 Fe2 Te4,0
Tm1 Ga2 Te4,0
Gd2 Tm1 Te4,0
Tm1 Ge2 Te4,0
Tm1 Hf2 Te4,0
Ho2 Tm1 Te4,0
Tm1 In2 Te4,0
La2 Tm1 Te4,0
Tm1 Lu2 Te4,0
Tm1 Mn2 Te4,0
Tm1 Nb2 Te4,0
Nd2 Tm1 Te4,0
Tm1 Ni2 Te4,0
Tm1 Te4 Pb2,0
Pr2 Tm1 Te4,0
Tm1 Re2 Te4,0
Tm1 Sb2 Te4,0
Tm1 Sc2 Te4,0
Tm1 Si2 Te4,0
Sm2 Tm1 Te4,0
Tm1 Sn2 Te4,0
Sr2 Tm1 Te4,0
Tm1 Ta2 Te4,0
Tb2 Tm1 Te4,0
Tm1 Ti2 Te4,0
Tm1 Tl2 Te4,0
Tm3 Te4,0
Tm1 V2 Te4,0
Tm1 Te4 W2,0
Y2 Tm1 Te4,0
Yb2 Tm1 Te4,0
Tm1 Zn2 Te4,0
Tm1 Zr2 Te4,0
V1 Ag2 Te4,0
Al2 V1 Te4,0
V1 B2 Te4,0
Ba2 V1 Te4,0
Be2 V1 Te4,0
V1 Bi2 Te4,0
Ca2 V1 Te4,0
V1 Cd2 Te4,0
Ce2 V1 Te4,0
V1 Co2 Te4,0
V1 Cr2 Te4,0
V1 Cu2 Te4,0
Dy2 V1 Te4,0
Er2 V1 Te4,0
Eu2 V1 Te4,0
V1 Fe2 Te4,0
V1 Ga2 Te4,0
Gd2 V1 Te4,0
V1 Ge2 Te4,0
Hf2 V1 Te4,0
V1 Hg2 Te4,0
Ho2 V1 Te4,0
V1 In2 Te4,0
La2 V1 Te4,0
Lu2 V1 Te4,0
Mg2 V1 Te4,0
Mn2 V1 Te4,0
Nb2 V1 Te4,0
Nd2 V1 Te4,0
V1 Ni2 Te4,0
V1 Te4 Pb2,0
Pr2 V1 Te4,0
V1 Re2 Te4,0
V1 Sb2 Te4,0
Sc2 V1 Te4,0
V1 Si2 Te4,0
Sm2 V1 Te4,0
V1 Sn2 Te4,0
Sr2 V1 Te4,0
Ta2 V1 Te4,0
Tb2 V1 Te4,0
Ti2 V1 Te4,0
Tl2 V1 Te4,0
Tm2 V1 Te4,0
V3 Te4,0
V1 Te4 W2,0
Y2 V1 Te4,0
Yb2 V1 Te4,0
V1 Zn2 Te4,0
Zr2 V1 Te4,0
Ag2 Te4 W1,0
Al2 Te4 W1,0
B2 Te4 W1,0
Ba2 Te4 W1,0
Be2 Te4 W1,0
Bi2 Te4 W1,0
Ca2 Te4 W1,0
Cd2 Te4 W1,0
Ce2 Te4 W1,0
Co2 Te4 W1,0
Cr2 Te4 W1,0
Cs2 Te4 W1,0
Cu2 Te4 W1,0
Dy2 Te4 W1,0
Er2 Te4 W1,0
Eu2 Te4 W1,0
Fe2 Te4 W1,0
Ga2 Te4 W1,0
Gd2 Te4 W1,0
Ge2 Te4 W1,0
Hf2 Te4 W1,0
Hg2 Te4 W1,0
Ho2 Te4 W1,0
In2 Te4 W1,0
K2 Te4 W1,0
La2 Te4 W1,0
Li2 Te4 W1,0
Lu2 Te4 W1,0
Mg2 Te4 W1,0
Mn2 Te4 W1,0
Na2 Te4 W1,0
Nb2 Te4 W1,0
Nd2 Te4 W1,0
Ni2 Te4 W1,0
Te4 Pb2 W1,0
Pr2 Te4 W1,0
Rb2 Te4 W1,0
Re2 Te4 W1,0
Sb2 Te4 W1,0
Sc2 Te4 W1,0
Si2 Te4 W1,0
Sm2 Te4 W1,0
Sn2 Te4 W1,0
Sr2 Te4 W1,0
Ta2 Te4 W1,0
Tb2 Te4 W1,0
Ti2 Te4 W1,0
Tl2 Te4 W1,0
Tm2 Te4 W1,0
V2 Te4 W1,0
Te4 W3,0
Y2 Te4 W1,0
Yb2 Te4 W1,0
Zn2 Te4 W1,0
Zr2 Te4 W1,0
Y1 Ag2 Te4,0
Y1 Al2 Te4,0
Y1 B2 Te4,0
Ba2 Y1 Te4,0
Y1 Be2 Te4,0
Y1 Bi2 Te4,0
Ca2 Y1 Te4,0
Y1 Cd2 Te4,0
Ce2 Y1 Te4,0
Y1 Co2 Te4,0
Y1 Cr2 Te4,0
Y1 Cu2 Te4,0
Y1 Dy2 Te4,0
Y1 Er2 Te4,0
Eu2 Y1 Te4,0
Y1 Fe2 Te4,0
Y1 Ga2 Te4,0
Gd2 Y1 Te4,0
Y1 Ge2 Te4,0
Y1 Hf2 Te4,0
Y1 Hg2 Te4,0
Y1 Ho2 Te4,0
Y1 In2 Te4,0
La2 Y1 Te4,0
Y1 Lu2 Te4,0
Y1 Mg2 Te4,0
Y1 Mn2 Te4,0
Y1 Nb2 Te4,0
Nd2 Y1 Te4,0
Y1 Ni2 Te4,0
Y1 Te4 Pb2,0
Pr2 Y1 Te4,0
Y1 Re2 Te4,0
Y1 Sb2 Te4,0
Y1 Sc2 Te4,0
Y1 Si2 Te4,0
Sm2 Y1 Te4,0
Y1 Sn2 Te4,0
Sr2 Y1 Te4,0
Y1 Ta2 Te4,0
Tb2 Y1 Te4,0
Y1 Ti2 Te4,0
Y1 Tl2 Te4,0
Y1 Tm2 Te4,0
Y1 V2 Te4,0
Y1 Te4 W2,0
Y3 Te4,0
Yb2 Y1 Te4,0
Y1 Zn2 Te4,0
Y1 Zr2 Te4,0
Yb1 Ag2 Te4,0
Yb1 Al2 Te4,0
Yb1 B2 Te4,0
Ba2 Yb1 Te4,0
Yb1 Be2 Te4,0
Yb1 Bi2 Te4,0
Ca2 Yb1 Te4,0
Yb1 Cd2 Te4,0
Yb1 Ce2 Te4,0
Yb1 Co2 Te4,0
Yb1 Cr2 Te4,0
Yb1 Cu2 Te4,0
Yb1 Dy2 Te4,0
Yb1 Er2 Te4,0
Yb1 Eu2 Te4,0
Yb1 Fe2 Te4,0
Yb1 Ga2 Te4,0
Yb1 Gd2 Te4,0
Yb1 Ge2 Te4,0
Yb1 Hf2 Te4,0
Yb1 Hg2 Te4,0
Yb1 Ho2 Te4,0
Yb1 In2 Te4,0
Yb1 La2 Te4,0
Yb1 Lu2 Te4,0
Yb1 Mg2 Te4,0
Yb1 Mn2 Te4,0
Yb1 Nb2 Te4,0
Yb1 Nd2 Te4,0
Yb1 Ni2 Te4,0
Yb1 Te4 Pb2,0
Yb1 Pr2 Te4,0
Yb1 Re2 Te4,0
Yb1 Sb2 Te4,0
Yb1 Sc2 Te4,0
Yb1 Si2 Te4,0
Yb1 Sm2 Te4,0
Yb1 Sn2 Te4,0
Sr2 Yb1 Te4,0
Yb1 Ta2 Te4,0
Yb1 Tb2 Te4,0
Yb1 Ti2 Te4,0
Yb1 Tl2 Te4,0
Yb1 Tm2 Te4,0
Yb1 V2 Te4,0
Yb1 Te4 W2,0
Yb1 Y2 Te4,0
Yb3 Te4,0
Yb1 Zn2 Te4,0
Yb1 Zr2 Te4,0
Zn1 Ag2 Te4,0
Al2 Zn1 Te4,0
Zn1 B2 Te4,0
Ba2 Zn1 Te4,0
Be2 Zn1 Te4,0
Zn1 Bi2 Te4,0
Ca2 Zn1 Te4,0
Zn1 Cd2 Te4,0
Ce2 Zn1 Te4,0
Zn1 Co2 Te4,0
Zn1 Cr2 Te4,0
Zn1 Cu2 Te4,0
Dy2 Zn1 Te4,0
Er2 Zn1 Te4,0
Eu2 Zn1 Te4,0
Zn1 Fe2 Te4,0
Zn1 Ga2 Te4,0
Gd2 Zn1 Te4,0
Zn1 Ge2 Te4,0
Hf2 Zn1 Te4,0
Zn1 Hg2 Te4,0
Ho2 Zn1 Te4,0
Zn1 In2 Te4,0
La2 Zn1 Te4,0
Lu2 Zn1 Te4,0
Mg2 Zn1 Te4,0
Mn2 Zn1 Te4,0
Nb2 Zn1 Te4,0
Nd2 Zn1 Te4,0
Zn1 Ni2 Te4,0
Zn1 Te4 Pb2,0
Pr2 Zn1 Te4,0
Zn1 Re2 Te4,0
Zn1 Sb2 Te4,0
Sc2 Zn1 Te4,0
Zn1 Si2 Te4,0
Sm2 Zn1 Te4,0
Zn1 Sn2 Te4,0
Sr2 Zn1 Te4,0
Ta2 Zn1 Te4,0
Tb2 Zn1 Te4,0
Ti2 Zn1 Te4,0
Tl2 Zn1 Te4,0
Tm2 Zn1 Te4,0
V2 Zn1 Te4,0
Zn1 Te4 W2,0
Y2 Zn1 Te4,0
Yb2 Zn1 Te4,0
Zn3 Te4,0
Zr2 Zn1 Te4,0
Zr1 Ag2 Te4,0
Zr1 Al2 Te4,0
Zr1 B2 Te4,0
Ba2 Zr1 Te4,0
Zr1 Be2 Te4,0
Zr1 Bi2 Te4,0
Ca2 Zr1 Te4,0
Zr1 Cd2 Te4,0
Ce2 Zr1 Te4,0
Zr1 Co2 Te4,0
Zr1 Cr2 Te4,0
Zr1 Cu2 Te4,0
Dy2 Zr1 Te4,0
Er2 Zr1 Te4,0
Eu2 Zr1 Te4,0
Zr1 Fe2 Te4,0
Zr1 Ga2 Te4,0
Gd2 Zr1 Te4,0
Zr1 Ge2 Te4,0
Hf2 Zr1 Te4,0
Zr1 Hg2 Te4,0
Ho2 Zr1 Te4,0
Zr1 In2 Te4,0
La2 Zr1 Te4,0
Lu2 Zr1 Te4,0
Mg2 Zr1 Te4,0
Zr1 Mn2 Te4,0
Zr1 Nb2 Te4,0
Nd2 Zr1 Te4,0
Zr1 Ni2 Te4,0
Zr1 Te4 Pb2,0
Pr2 Zr1 Te4,0
Zr1 Re2 Te4,0
Zr1 Sb2 Te4,0
Zr1 Sc2 Te4,0
Zr1 Si2 Te4,0
Sm2 Zr1 Te4,0
Zr1 Sn2 Te4,0
Sr2 Zr1 Te4,0
Zr1 Ta2 Te4,0
Tb2 Zr1 Te4,0
Zr1 Ti2 Te4,0
Zr1 Tl2 Te4,0
Tm2 Zr1 Te4,0
Zr1 V2 Te4,0
Zr1 Te4 W2,0
Y2 Zr1 Te4,0
Yb2 Zr1 Te4,0
Zr1 Zn2 Te4,0
Zr3 Te4,0
